"Cuts","D8D268D77B6F41059716C1F24EEC02/Job/7/1350036414 E6 Ranheim Vaernes - 01 2/","{53330a8d-77a9-441d-ac07-9b5400138b92}\Counterfill_Leistad_1 1","DZ02_Counterfill_Leistad_1"
"Cuts","D8D268D77B6F41059716C1F24EEC02/Job/7/1350036414 E6 Ranheim Vaernes - 01 2/","{0a182213-6d57-464c-be26-35d59ced2af7}\Counterfill_Leistad_2 1","DZ02_Counterfill_Leistad_2"
"Cuts","D8D268D77B6F41059716C1F24EEC02/Job/7/1350036414 E6 Ranheim Vaernes - 01 2/","{5e2e0497-7f6c-4793-93ab-3d6237e12643}\Veg 1","DZ02_Cut_Leistad_1_0-180"
"Cuts","D8D268D77B6F41059716C1F24EEC02/Job/7/1350036414 E6 Ranheim Vaernes - 01 2/","{ffc0ed92-1bf2-400c-92ef-d708b0bd1501}\Veg 1","DZ02_Cut_Leistad_1_180-260"
"Cuts","D8D268D77B6F41059716C1F24EEC02/Job/7/1350036414 E6 Ranheim Vaernes - 01 2/","{0515566e-c7d7-41b6-8e49-fddc4746e60d}\Veg 1","DZ02_Cut_Leistad_2"
"Cuts","D8D268D77B6F41059716C1F24EEC02/Job/7/1350036414 E6 Ranheim Vaernes - 01 2/","{6d04c2eb-39dd-46fb-b5c6-6bce8727fbbf}\Veg 1","DZ02_Cut_Leistad_3"
"Cuts","D8D268D77B6F41059716C1F24EEC02/Job/7/1350036414 E6 Ranheim Vaernes - 01 2/","{9f793527-e9ea-44b9-95b9-d49824df493f}\Cut_Leistad_4 1","DZ02_Cut_Leistad_4"
"Cuts","D8D268D77B6F41059716C1F24EEC02/Job/7/1350036414 E6 Ranheim Vaernes - 01 2/","{c71faef1-d50f-47ea-932e-23f67481df34}\Veg 1","DZ02_Cut_Reitan_1"
"Cuts","D8D268D77B6F41059716C1F24EEC02/Job/7/1350036414 E6 Ranheim Vaernes - 01 2/","{71d85140-186c-4ff4-b7d7-d4ea0b890b0c}\Veg 1","DZ02_Cut_Reitan_2"
"Cuts","D8D268D77B6F41059716C1F24EEC02/Job/7/1350036414 E6 Ranheim Vaernes - 01 2/","{311fad8d-1792-438a-b7d9-3eba225818bf}\Veg 1","DZ02_Cut_Reitan_3"
"Cuts","D8D268D77B6F41059716C1F24EEC02/Job/7/1350036414 E6 Ranheim Vaernes - 01 2/","{be93ae8a-1e1e-4fea-a953-3a7d3c989416}\Veg 1","DZ02_Erosion_Protection_Reitan_1"
"Cuts","D8D268D77B6F41059716C1F24EEC02/Job/7/1350036414 E6 Ranheim Vaernes - 01 2/","{f47178e4-9fe6-45c1-8fa2-2b52dd723cc8}\Veg 1","DZ02_Erosion_Protection_Reitan_2"
"DZ01_Roads","D8D268D77B6F41059716C1F24EEC02/Job/7/1350036414 E6 Ranheim Vaernes - 01 2/","{707c6b3b-e5b1-4382-9481-7123bc74bd01}\d-road_101000",101000
"DZ01_Roads","D8D268D77B6F41059716C1F24EEC02/Job/7/1350036414 E6 Ranheim Vaernes - 01 2/","{eb5f0aff-e368-4622-8aed-8ebcda5c21e3}\d-road_101000","101000_Lettfyllingskontroll"
"DZ01_Roads","D8D268D77B6F41059716C1F24EEC02/Job/7/1350036414 E6 Ranheim Vaernes - 01 2/","{e8116318-ac12-4247-930a-05840b2c4de6}\d-road_101100",101100
"DZ01_Roads","D8D268D77B6F41059716C1F24EEC02/Job/7/1350036414 E6 Ranheim Vaernes - 01 2/","{2c7d3b62-cfaa-44dc-a3ca-dea333fc0b1f}\d-road_101200",101200
"DZ01_Roads","D8D268D77B6F41059716C1F24EEC02/Job/7/1350036414 E6 Ranheim Vaernes - 01 2/","{3bd0470a-9a5b-48b6-bf3c-c0d0081193d7}\d-road_101300",101300
"DZ01_Roads","D8D268D77B6F41059716C1F24EEC02/Job/7/1350036414 E6 Ranheim Vaernes - 01 2/","{d44beb9a-f9df-4390-94aa-4cb513889011}\d-road_101400",101400
"DZ01_Roads","D8D268D77B6F41059716C1F24EEC02/Job/7/1350036414 E6 Ranheim Vaernes - 01 2/","{66d2a10e-1241-4175-8634-b85fe8a850e9}\test h start 1",101500
"DZ01_Roads","D8D268D77B6F41059716C1F24EEC02/Job/7/1350036414 E6 Ranheim Vaernes - 01 2/","{0e16dbf0-fedd-4083-a8ac-58d9ffa4e095}\test h start 1","101500_R-side"
"DZ01_Roads","D8D268D77B6F41059716C1F24EEC02/Job/7/1350036414 E6 Ranheim Vaernes - 01 2/","{aaefe59d-f4f2-4852-b38d-58afdbc526fc}\test v start 1",101600
"DZ01_Roads","D8D268D77B6F41059716C1F24EEC02/Job/7/1350036414 E6 Ranheim Vaernes - 01 2/","{30345061-e6ce-4ac4-9563-1f1faec1ed4a}\test v start 1","101600_L-side"
"DZ01_Roads","D8D268D77B6F41059716C1F24EEC02/Job/7/1350036414 E6 Ranheim Vaernes - 01 2/","{7fcd5f35-8688-42c6-bf7a-ae675c9f9863}\d-road_101700",101700
"DZ01_Roads","D8D268D77B6F41059716C1F24EEC02/Job/7/1350036414 E6 Ranheim Vaernes - 01 2/","{566d5d00-6184-4879-96f0-c4975b3fe311}\d-road_401200",401200
"DZ01_Roads","D8D268D77B6F41059716C1F24EEC02/Job/7/1350036414 E6 Ranheim Vaernes - 01 2/","{f8ce4ea3-b889-4741-b55c-825f21571a48}\d-road_401300",401300
"DZ01_Roads","D8D268D77B6F41059716C1F24EEC02/Job/7/1350036414 E6 Ranheim Vaernes - 01 2/","{6812410a-29a9-421a-8cf1-f0605f8e188c}\d-road_401400",401400
"DZ01_Roads","D8D268D77B6F41059716C1F24EEC02/Job/7/1350036414 E6 Ranheim Vaernes - 01 2/","{33741ca1-5a5d-4fef-b9b6-933e31d5bb05}\d-road_401410",401410
"DZ01_Roads","D8D268D77B6F41059716C1F24EEC02/Job/7/1350036414 E6 Ranheim Vaernes - 01 2/","{f6bc983a-970e-44d9-bc6f-3450fb05597e}\d-road_401420",401420
"DZ01_Roads","D8D268D77B6F41059716C1F24EEC02/Job/7/1350036414 E6 Ranheim Vaernes - 01 2/","{df0f024d-3f77-48de-8fb2-26d131b7cd30}\401510_rehab","401510_rehab"
"DZ01_Roads","D8D268D77B6F41059716C1F24EEC02/Job/7/1350036414 E6 Ranheim Vaernes - 01 2/","{98c0339d-3681-410b-8bda-a1db8bfad6f6}\d-road_701000",701000
"DZ01_Roads","D8D268D77B6F41059716C1F24EEC02/Job/7/1350036414 E6 Ranheim Vaernes - 01 2/","{f6bc983a-970e-44d9-bc6f-3450fb05597e}\d-road_401420",701100
"DZ01_Roads","D8D268D77B6F41059716C1F24EEC02/Job/7/1350036414 E6 Ranheim Vaernes - 01 2/","{da00eccf-b744-4c76-b4c1-c18de4aff04c}\d-road_901000",901000
"DZ01_Roads","D8D268D77B6F41059716C1F24EEC02/Job/7/1350036414 E6 Ranheim Vaernes - 01 2/","{f2eb83e9-37e8-4da6-971e-fd6fb8397f21}\d-road_901100",901100
"DZ01_Roads","D8D268D77B6F41059716C1F24EEC02/Job/7/1350036414 E6 Ranheim Vaernes - 01 2/","{05759396-9588-4f1f-9ebd-5fd8c00440a2}\d-road_901300",901300
"DZ01_Roads","D8D268D77B6F41059716C1F24EEC02/Job/7/1350036414 E6 Ranheim Vaernes - 01 2/","{39d59423-4ae6-4e3d-bc44-981040aa3e1c}\d-road_901301","901301_HS"
"DZ01_Roads","D8D268D77B6F41059716C1F24EEC02/Job/7/1350036414 E6 Ranheim Vaernes - 01 2/","{109b5393-58c5-42cc-a47c-4a8abcb94083}\d-road_901301_VS","901301_VS"
"DZ01_Roads","D8D268D77B6F41059716C1F24EEC02/Job/7/1350036414 E6 Ranheim Vaernes - 01 2/","{33741ca1-5a5d-4fef-b9b6-933e31d5bb05}\d-road_401410",901500
"DZ01_Roads","D8D268D77B6F41059716C1F24EEC02/Job/7/1350036414 E6 Ranheim Vaernes - 01 2/","{19f6c838-3d38-4c15-aec1-1686ad3abb7f}\d-road_901050",901700
"DZ01_Roads","D8D268D77B6F41059716C1F24EEC02/Job/7/1350036414 E6 Ranheim Vaernes - 01 2/","{057a8ab2-fc80-4344-897e-095d5619ec87}\d-road_901060",901710
"DZ01_Temp_Roads","D8D268D77B6F41059716C1F24EEC02/Job/7/1350036414 E6 Ranheim Vaernes - 01 2/","{2485b9ea-0738-4af5-8d19-6b06c024975e}\R1_REP_Temporary paved median","301000_REP_Temp"
"DZ01_Temp_Roads","D8D268D77B6F41059716C1F24EEC02/Job/7/1350036414 E6 Ranheim Vaernes - 01 2/","{9e873ac6-4149-429a-aaff-5fb1958a5d52}\d-road_301200_REP_Temp","301200_REP_Temp"
"DZ01_Temp_Roads","D8D268D77B6F41059716C1F24EEC02/Job/7/1350036414 E6 Ranheim Vaernes - 01 2/","{856d9ef9-9447-42ed-b3f4-e66b952e008f}\d-road_301400_REP_Temp_N","301400_REP_Temp_N"
"DZ01_Temp_Roads","D8D268D77B6F41059716C1F24EEC02/Job/7/1350036414 E6 Ranheim Vaernes - 01 2/","{10719d45-d892-4e1a-952c-f97ffff07294}\d-road_301600_REP_Temp_N","301600_REP_Temp_N"
"DZ01_Temp_Roads","D8D268D77B6F41059716C1F24EEC02/Job/7/1350036414 E6 Ranheim Vaernes - 01 2/","{4ca05396-ede8-48c8-9861-7c65b8ca6d77}\d-road_501000","501000_REP_Temp"
"DZ01_Temp_Roads","D8D268D77B6F41059716C1F24EEC02/Job/7/1350036414 E6 Ranheim Vaernes - 01 2/","{2f1ad7c5-1f57-4c46-85ce-150ea53e0e21}\Kryss_501000_Sideareal_1-2","Kryss_501000"
"DZ01_Temp_Roads","D8D268D77B6F41059716C1F24EEC02/Job/7/1350036414 E6 Ranheim Vaernes - 01 2/","{8a92774d-8166-4507-8805-249b9a401159}\Kryss_501000_Sideareal_4-1","Kryss_501000_Sideareal_2-3"
"DZ01_Temp_Roads","D8D268D77B6F41059716C1F24EEC02/Job/7/1350036414 E6 Ranheim Vaernes - 01 2/","{b3dff064-fff1-45f9-9879-48540b5197d7}\Kryss_501000_Sideareal_4-1","Kryss_501000_Sideareal_3-4"
"DZ01_Temp_Roads","D8D268D77B6F41059716C1F24EEC02/Job/7/1350036414 E6 Ranheim Vaernes - 01 2/","{b92166b8-998a-4c39-bcbb-50aff4400417}\Kryss_501000_Sideareal_4-1","Kryss_501000_Sideareal_4-1"
"DZ01_Temp_Roads","D8D268D77B6F41059716C1F24EEC02/Job/7/1350036414 E6 Ranheim Vaernes - 01 2/","{0de57ac6-cfcf-44cd-8d0f-eba787ccdfab}/Kryss_501100.xml","Kryss_501100.xml"
"DZ02_roads","D8D268D77B6F41059716C1F24EEC02/Job/7/1350036414 E6 Ranheim Vaernes - 01 2/","{b44926db-9a1e-4acb-9bb6-b236ebcd9fba}\d-road_102100",103100
"DZ02_roads","D8D268D77B6F41059716C1F24EEC02/Job/7/1350036414 E6 Ranheim Vaernes - 01 2/","{6a744ec8-7005-4c6a-a4b4-e112ad99e953}\d-road_102200",103200
"DZ02_roads","D8D268D77B6F41059716C1F24EEC02/Job/7/1350036414 E6 Ranheim Vaernes - 01 2/","{4092ba4e-a8c3-4909-897b-8b3452e329e4}\d-road_109000",103300
"DZ02_roads","D8D268D77B6F41059716C1F24EEC02/Job/7/1350036414 E6 Ranheim Vaernes - 01 2/","{8a10f6b5-7f59-4115-b9b0-446801eca8c7}\d-road_103400",103400
"DZ02_roads","D8D268D77B6F41059716C1F24EEC02/Job/7/1350036414 E6 Ranheim Vaernes - 01 2/","{13103ef9-c707-467e-a69a-5bb287a7b9f5}\d-road_104000",104000
"DZ02_roads","D8D268D77B6F41059716C1F24EEC02/Job/7/1350036414 E6 Ranheim Vaernes - 01 2/","{f27aa2c0-d736-4ae0-af91-ca4c328b2945}\105000",105000
"DZ02_roads","D8D268D77B6F41059716C1F24EEC02/Job/7/1350036414 E6 Ranheim Vaernes - 01 2/","{3d997a53-d7fc-467d-8592-aae07bfe305f}\d-road_203000",203000
"DZ02_roads","D8D268D77B6F41059716C1F24EEC02/Job/7/1350036414 E6 Ranheim Vaernes - 01 2/","{c11861ed-333c-4586-b26f-4aed33a176d6}\d_road_203000_traffic_island_1","203000_traffic_island_1"
"DZ02_roads","D8D268D77B6F41059716C1F24EEC02/Job/7/1350036414 E6 Ranheim Vaernes - 01 2/","{7129fc24-873d-4939-b86c-637f9512211b}\d-road_203000_traffic_island_1","203000_traffic_island_2"
"DZ02_roads","D8D268D77B6F41059716C1F24EEC02/Job/7/1350036414 E6 Ranheim Vaernes - 01 2/","{c4cf0edf-82a1-4a7b-9fbb-7762a3e77b7e}\d-road_203100",203100
"DZ02_roads","D8D268D77B6F41059716C1F24EEC02/Job/7/1350036414 E6 Ranheim Vaernes - 01 2/","{b624fd40-e9a1-4a3e-b73a-b800c5210187}\d-road_203000_traffic island_1","203100_traffic island"
"DZ02_roads","D8D268D77B6F41059716C1F24EEC02/Job/7/1350036414 E6 Ranheim Vaernes - 01 2/","{7f2caa42-5436-46be-a89a-b5fff21d0090}\d-road_203200",203200
"DZ02_roads","D8D268D77B6F41059716C1F24EEC02/Job/7/1350036414 E6 Ranheim Vaernes - 01 2/","{91850d8c-8aa1-4e13-bbb3-954d6da7906a}\d-road_203000_traffic island_1","203200_traffic island"
"DZ02_roads","D8D268D77B6F41059716C1F24EEC02/Job/7/1350036414 E6 Ranheim Vaernes - 01 2/","{8372a20a-7448-4b9b-aa69-e2ce925a0083}\d-road_203210_filling model","203210_filling model"
"DZ02_roads","D8D268D77B6F41059716C1F24EEC02/Job/7/1350036414 E6 Ranheim Vaernes - 01 2/","{72bf45a8-bb1f-4256-ba56-805ef511cfa9}\d-road_205000",205000
"DZ02_roads","D8D268D77B6F41059716C1F24EEC02/Job/7/1350036414 E6 Ranheim Vaernes - 01 2/","{188a50c8-63ec-440a-863a-ab5a9c8fe994}\d-road_205010_traffic_island_","205010_traffic_island_N"
"DZ02_roads","D8D268D77B6F41059716C1F24EEC02/Job/7/1350036414 E6 Ranheim Vaernes - 01 2/","{e10bc7a4-0200-4dde-8a8b-8b7aa53a9a7d}\d-road_205020_traffic_island_S","205020_traffic_island_S"
"DZ02_roads","D8D268D77B6F41059716C1F24EEC02/Job/7/1350036414 E6 Ranheim Vaernes - 01 2/","{fcbb46a2-9876-47e1-9725-415176f3b4fa}\d-road_205100",205100
"DZ02_roads","D8D268D77B6F41059716C1F24EEC02/Job/7/1350036414 E6 Ranheim Vaernes - 01 2/","{b307ee53-e238-43f8-834c-d56da85c05d7}\d_road_205110",205110
"DZ02_roads","D8D268D77B6F41059716C1F24EEC02/Job/7/1350036414 E6 Ranheim Vaernes - 01 2/","{42ce3eec-fd24-4d8d-b289-e7358e2e1aa8}\d-road_205110_traffic_island","205110_traffic_island"
"DZ02_roads","D8D268D77B6F41059716C1F24EEC02/Job/7/1350036414 E6 Ranheim Vaernes - 01 2/","{969e978b-cc8f-4889-a2e8-43f148e3421f}\d_road_205120",205120
"DZ02_roads","D8D268D77B6F41059716C1F24EEC02/Job/7/1350036414 E6 Ranheim Vaernes - 01 2/","{eed681d7-5424-4456-9087-b402e1a91dde}\d-road_205200",205200
"DZ02_roads","D8D268D77B6F41059716C1F24EEC02/Job/7/1350036414 E6 Ranheim Vaernes - 01 2/","{e8a7d1b0-47b5-4c61-a9d9-28ea40c4b2c0}\d-road_205210_traffic_island","205210_traffic_island"
"DZ02_roads","D8D268D77B6F41059716C1F24EEC02/Job/7/1350036414 E6 Ranheim Vaernes - 01 2/","{b085e02d-ee96-4a40-8900-65a3789c8a30}/d-road_403300",403300
"DZ02_roads","D8D268D77B6F41059716C1F24EEC02/Job/7/1350036414 E6 Ranheim Vaernes - 01 2/","{5af1c91c-b98c-48f8-bcd5-d31b79d37323}\d-road_403100",403100
"DZ02_roads","D8D268D77B6F41059716C1F24EEC02/Job/7/1350036414 E6 Ranheim Vaernes - 01 2/","{ec971259-259f-4b77-bdc7-66148c6fa442}\d-road_403200",403200
"DZ02_roads","D8D268D77B6F41059716C1F24EEC02/Job/7/1350036414 E6 Ranheim Vaernes - 01 2/","{b085e02d-ee96-4a40-8900-65a3789c8a30}\d-road_403300",403300
"DZ02_roads","D8D268D77B6F41059716C1F24EEC02/Job/7/1350036414 E6 Ranheim Vaernes - 01 2/","{0c4ca8d9-477b-40d1-9c5e-cdc8c6fb4c8a}\Veg 1",403400
"DZ02_roads","D8D268D77B6F41059716C1F24EEC02/Job/7/1350036414 E6 Ranheim Vaernes - 01 2/","{2195fefe-07a7-4740-83bb-3b8c433e91ce}\d-road_405300",403500
"DZ02_roads","D8D268D77B6F41059716C1F24EEC02/Job/7/1350036414 E6 Ranheim Vaernes - 01 2/","{703e7510-3643-4d32-9b17-b9f078bfe73d}\403500_fill","403500_fill"
"DZ02_roads","D8D268D77B6F41059716C1F24EEC02/Job/7/1350036414 E6 Ranheim Vaernes - 01 2/","{f9e87959-8e38-41cd-8481-95aa25b5f661}\d-road_415600",403600
"DZ02_roads","D8D268D77B6F41059716C1F24EEC02/Job/7/1350036414 E6 Ranheim Vaernes - 01 2/","{99899892-b1fd-4e6d-8a41-e91fc5665bf8}\d-road_405100",405100
"DZ02_roads","D8D268D77B6F41059716C1F24EEC02/Job/7/1350036414 E6 Ranheim Vaernes - 01 2/","{b3031c1c-b9a0-4768-aeed-7a5fe14fc550}\d-road_405200",405200
"DZ02_roads","D8D268D77B6F41059716C1F24EEC02/Job/7/1350036414 E6 Ranheim Vaernes - 01 2/","{7359fbab-84cb-417a-b681-03f8c1cdcedb}\d-road_405300",405300
"DZ02_roads","D8D268D77B6F41059716C1F24EEC02/Job/7/1350036414 E6 Ranheim Vaernes - 01 2/","{a99ecda7-242c-4c20-a3ac-4772731cebbe}\d-road_405400",405400
"DZ02_roads","D8D268D77B6F41059716C1F24EEC02/Job/7/1350036414 E6 Ranheim Vaernes - 01 2/","{3c4e4f39-bb49-4df1-b3cf-4907e923a413}\d-road_415600",405500
"DZ02_roads","D8D268D77B6F41059716C1F24EEC02/Job/7/1350036414 E6 Ranheim Vaernes - 01 2/","{9c799913-ff7b-4c4d-97f9-a693d014b788}\d-road_415600",405600
"DZ02_roads","D8D268D77B6F41059716C1F24EEC02/Job/7/1350036414 E6 Ranheim Vaernes - 01 2/","{50086aa6-3469-4d13-ba0e-081fd6cc89e1}\d-road_603000",603000
"DZ02_roads","D8D268D77B6F41059716C1F24EEC02/Job/7/1350036414 E6 Ranheim Vaernes - 01 2/","{94d7c753-2ae0-4ebe-967c-378a22cdb062}\d-road_603100",603100
"DZ02_roads","D8D268D77B6F41059716C1F24EEC02/Job/7/1350036414 E6 Ranheim Vaernes - 01 2/","{4eea2c6b-4427-49fb-a5ff-974689b5e960}\d-road_605000",605000
"DZ02_roads","D8D268D77B6F41059716C1F24EEC02/Job/7/1350036414 E6 Ranheim Vaernes - 01 2/","{245b3244-5dd2-48e0-85f1-c7daa242fb2d}\New_703100",703100
"DZ02_roads","D8D268D77B6F41059716C1F24EEC02/Job/7/1350036414 E6 Ranheim Vaernes - 01 2/","{ac2d14d6-bdb9-476a-a0c1-3208a321e440}\Road 1","703100_HC parking"
"DZ02_roads","D8D268D77B6F41059716C1F24EEC02/Job/7/1350036414 E6 Ranheim Vaernes - 01 2/","{28671b0b-0c64-43ec-ae50-444c7c329101}\d-road_703200",703200
"DZ02_roads","D8D268D77B6F41059716C1F24EEC02/Job/7/1350036414 E6 Ranheim Vaernes - 01 2/","{aa667cc4-6c5f-4adf-9e3a-8d7a20631455}\d-road_703400",703400
"DZ02_roads","D8D268D77B6F41059716C1F24EEC02/Job/7/1350036414 E6 Ranheim Vaernes - 01 2/","{22e6f368-e6d9-4eb4-8d96-ca471e299363}\d-road_705000",705000
"DZ02_roads","D8D268D77B6F41059716C1F24EEC02/Job/7/1350036414 E6 Ranheim Vaernes - 01 2/","{b9733e10-ec09-4c03-9570-2206d6d03884}\d-road_705100",705100
"DZ02_roads","D8D268D77B6F41059716C1F24EEC02/Job/7/1350036414 E6 Ranheim Vaernes - 01 2/","{fb4e7ee5-ece8-4a55-9676-22e7b0cb2949}\d-road-705100-bus-turn","705100-bus-turn"
"DZ02_roads","D8D268D77B6F41059716C1F24EEC02/Job/7/1350036414 E6 Ranheim Vaernes - 01 2/","{567ed493-587e-4ced-ba42-f82b18b02e58}\Veg 1","705100-draft"
"DZ02_roads","D8D268D77B6F41059716C1F24EEC02/Job/7/1350036414 E6 Ranheim Vaernes - 01 2/","{170677ce-44bb-489c-8404-bf150516371e}\d-road_803100",803100
"DZ02_roads","D8D268D77B6F41059716C1F24EEC02/Job/7/1350036414 E6 Ranheim Vaernes - 01 2/","{4d7e251c-757e-44dd-a76b-62da6af7d9bf}\d-road_803110",803110
"DZ02_roads","D8D268D77B6F41059716C1F24EEC02/Job/7/1350036414 E6 Ranheim Vaernes - 01 2/","{540b9a0a-5a16-425f-bb30-0205b3995f0f}\d-road_804100",804100
"DZ02_roads","D8D268D77B6F41059716C1F24EEC02/Job/7/1350036414 E6 Ranheim Vaernes - 01 2/","{bc56b978-112d-4fe8-ae08-fe209ce59578}\d-road_804110",804110
"DZ02_roads","D8D268D77B6F41059716C1F24EEC02/Job/7/1350036414 E6 Ranheim Vaernes - 01 2/","{0119cac0-19c2-49ce-9d3b-528e19e00907}\d-road_804100_flyttet",804120
"DZ02_roads","D8D268D77B6F41059716C1F24EEC02/Job/7/1350036414 E6 Ranheim Vaernes - 01 2/","{76b31522-5aee-43ac-b857-1f60434292bb}\d-road_804121",804121
"DZ02_roads","D8D268D77B6F41059716C1F24EEC02/Job/7/1350036414 E6 Ranheim Vaernes - 01 2/","{7119d447-725d-4ca9-b918-8935d2f6b4d1}\Veg 1",804130
"DZ02_roads","D8D268D77B6F41059716C1F24EEC02/Job/7/1350036414 E6 Ranheim Vaernes - 01 2/","{76eb5a94-85ca-49a1-b53b-122a0f7754c5}\d-road_804200",804200
"DZ02_roads","D8D268D77B6F41059716C1F24EEC02/Job/7/1350036414 E6 Ranheim Vaernes - 01 2/","{b40f8ac7-1232-4407-b9e9-efc0c59a0696}\804210",804210
"DZ02_roads","D8D268D77B6F41059716C1F24EEC02/Job/7/1350036414 E6 Ranheim Vaernes - 01 2/","{b8bb4457-75db-4dfd-9feb-c391ba6e191d}\d-road_804220_new",804220
"DZ02_roads","D8D268D77B6F41059716C1F24EEC02/Job/7/1350036414 E6 Ranheim Vaernes - 01 2/","{433aa4cf-a659-4bf2-a838-f23729b3c1e2}\804230",804230
"DZ02_roads","D8D268D77B6F41059716C1F24EEC02/Job/7/1350036414 E6 Ranheim Vaernes - 01 2/","{83e8edea-43e4-4352-bf6e-a2607075eed7}\d-road_904000",904000
"DZ02_roads","D8D268D77B6F41059716C1F24EEC02/Job/7/1350036414 E6 Ranheim Vaernes - 01 2/","{19189730-5d11-41b1-be07-0081663c57f6}\d-road_904100",904100
"DZ02_roads","D8D268D77B6F41059716C1F24EEC02/Job/7/1350036414 E6 Ranheim Vaernes - 01 2/","{495bd3b5-f635-4aa3-a8da-9199e41b2292}\road_904200",904200
"DZ02_roads","D8D268D77B6F41059716C1F24EEC02/Job/7/1350036414 E6 Ranheim Vaernes - 01 2/","{023356b9-8643-4a31-913d-7f578b7c7c3e}\d-road_904300",904300
"DZ02_roads","D8D268D77B6F41059716C1F24EEC02/Job/7/1350036414 E6 Ranheim Vaernes - 01 2/","{b453b6b0-2d5a-4d62-b9be-2b69324f7a7a}\d-road_904300","904300_alt_heve_2m"
"DZ02_roads","D8D268D77B6F41059716C1F24EEC02/Job/7/1350036414 E6 Ranheim Vaernes - 01 2/","{bcdbd94d-b2af-4c65-b8de-2262fca534f8}\d-road_904310",904310
"DZ02_Temp_Roads","D8D268D77B6F41059716C1F24EEC02/Job/7/1350036414 E6 Ranheim Vaernes - 01 2/","{e50c6835-ab1f-4d1d-87e8-e21da27997d8}\d-road_303100_LEI_Temp_S","303100_LEI_Temp_S"
"DZ02_Temp_Roads","D8D268D77B6F41059716C1F24EEC02/Job/7/1350036414 E6 Ranheim Vaernes - 01 2/","{1649e8b0-98f6-4657-b700-6c6304eaca37}\d-road_303200_LEI_Temp_D_N","303200_LEI_Temp_D_N"
"DZ02_Temp_Roads","D8D268D77B6F41059716C1F24EEC02/Job/7/1350036414 E6 Ranheim Vaernes - 01 2/","{2dd979e1-00a0-436d-9b5d-7e27f6619297}\d-road_303300","303300_LEI_Temp_bus_N"
"DZ02_Temp_Roads","D8D268D77B6F41059716C1F24EEC02/Job/7/1350036414 E6 Ranheim Vaernes - 01 2/","{16d5cdb8-9342-44de-a4b5-aa8036544580}\d-road_303400-b","303400_LEI_Temp_road_widening"
"DZ02_Temp_Roads","D8D268D77B6F41059716C1F24EEC02/Job/7/1350036414 E6 Ranheim Vaernes - 01 2/","{286b8210-8fc6-4d34-aad0-725d20e5ec3d}\d-road_303500","303500_LEI_Temp_bus_S"
"DZ02_Temp_Roads","D8D268D77B6F41059716C1F24EEC02/Job/7/1350036414 E6 Ranheim Vaernes - 01 2/","{0edd6e2e-07ff-4cfc-a594-26db559b03f2}\d-road_303600_LEI_Temp_N","303600_LEI_Temp_walkway_N"
"DZ02_Temp_Roads","D8D268D77B6F41059716C1F24EEC02/Job/7/1350036414 E6 Ranheim Vaernes - 01 2/","{4bc443f6-d9f1-4c34-9c1b-f916c27c4106}\d-road_303700","303700_LEI_Temporary_road_diversion_N_part2"
"DZ02_Temp_Roads","D8D268D77B6F41059716C1F24EEC02/Job/7/1350036414 E6 Ranheim Vaernes - 01 2/","{da955e5f-aa31-46f7-9564-1007f7b9ca51}\d-road_303800_LEI_Temp","303800_LEI_Temp"
"DZ02_Temp_Roads","D8D268D77B6F41059716C1F24EEC02/Job/7/1350036414 E6 Ranheim Vaernes - 01 2/","{d3b5837a-9535-4f1d-9f7f-2a3a3c788017}\d-road_304000_arm east","304000_arm_east"
"DZ02_Temp_Roads","D8D268D77B6F41059716C1F24EEC02/Job/7/1350036414 E6 Ranheim Vaernes - 01 2/","{d1a89d0e-25b9-47d2-a8d1-1f56c85a769c}\d-road_304000_arm west","304000_arm_west"
"DZ02_Temp_Roads","D8D268D77B6F41059716C1F24EEC02/Job/7/1350036414 E6 Ranheim Vaernes - 01 2/","{cbdb696e-408d-47aa-bf3b-a2dabe5845ab}\d-road_304000_LES_Temp","304000_LES_Temp"
"DZ02_Temp_Roads","D8D268D77B6F41059716C1F24EEC02/Job/7/1350036414 E6 Ranheim Vaernes - 01 2/","{c7eaa816-3f7f-42f9-b00b-28cce9391dbb}\d-road_304100_aux","304100_aux"
"DZ02_Temp_Roads","D8D268D77B6F41059716C1F24EEC02/Job/7/1350036414 E6 Ranheim Vaernes - 01 2/","{e113cae4-f790-43d5-8932-4400417b4082}\d-road_304100_LES_Temp_S","304100_LES_Temp_S"
"DZ02_Temp_Roads","D8D268D77B6F41059716C1F24EEC02/Job/7/1350036414 E6 Ranheim Vaernes - 01 2/","{f860ea1b-5ed9-410b-ac8a-5a5eab087503}\d-road_304200_LES_Temp_N","304200_LES_Temp_N"
"DZ02_Temp_Roads","D8D268D77B6F41059716C1F24EEC02/Job/7/1350036414 E6 Ranheim Vaernes - 01 2/","{139558b8-0a51-49c5-b34a-e6fc25b65213}\d-road_304400",304300
"DZ02_Temp_Roads","D8D268D77B6F41059716C1F24EEC02/Job/7/1350036414 E6 Ranheim Vaernes - 01 2/","{f1a615da-4ed2-4802-becd-a84583136956}\d-road_304400_LES_Temp_N","304400_LES_Temp_N"
"DZ02_Temp_Roads","D8D268D77B6F41059716C1F24EEC02/Job/7/1350036414 E6 Ranheim Vaernes - 01 2/","{ddd2e0b5-aaeb-478e-a06f-5e3b99eb8863}\d-road_304500",304500
"DZ02_Temp_Roads","D8D268D77B6F41059716C1F24EEC02/Job/7/1350036414 E6 Ranheim Vaernes - 01 2/","{66b1978e-1e7b-4bb4-84fb-24d612fd6f2b}\d-road_405200","305200_Temp"
"DZ02_Temp_Roads","D8D268D77B6F41059716C1F24EEC02/Job/7/1350036414 E6 Ranheim Vaernes - 01 2/","{2057c3be-1fbe-40fc-bc78-efd4bb6b6154}\d-road_405400","305400_Temp"
"DZ02_Temp_Roads","D8D268D77B6F41059716C1F24EEC02/Job/7/1350036414 E6 Ranheim Vaernes - 01 2/","{45b960d0-8da0-40e7-8c44-4ebe847246ca}\d-road-503100_LEI_Temp_S","503100_LEI_Temp_S"
"DZ02_Temp_Roads","D8D268D77B6F41059716C1F24EEC02/Job/7/1350036414 E6 Ranheim Vaernes - 01 2/","{938a844d-9dc2-420d-8049-b1eebcca3d26}\d-road-53100_sidewalk_LEI_Temp_S","503100_sidewalk_LEI_Temp_S"
"DZ02_Temp_Roads","D8D268D77B6F41059716C1F24EEC02/Job/7/1350036414 E6 Ranheim Vaernes - 01 2/","{a6f27fdc-6968-4c0f-99d8-ce76802a88b3}\Veg 1","503200_LEI_Temp_N"
"DZ02_Temp_Roads","D8D268D77B6F41059716C1F24EEC02/Job/7/1350036414 E6 Ranheim Vaernes - 01 2/","{729df5cc-4d6a-4aed-a715-a26742638572}\d-road-503200_sidewalk_LEI_Temp_N","503200_sidewalk_LEI_Temp_N"
"DZ02_Temp_Roads","D8D268D77B6F41059716C1F24EEC02/Job/7/1350036414 E6 Ranheim Vaernes - 01 2/","{e8631e4d-e39e-4332-b333-6c88cb50a776}\d-road_403200","503250_Temp"
"DZ02_Temp_Roads","D8D268D77B6F41059716C1F24EEC02/Job/7/1350036414 E6 Ranheim Vaernes - 01 2/","{abd8d984-e0bf-4696-b0af-76be4bc884c5}\d-road_504400",503300
"DZ02_Temp_Roads","D8D268D77B6F41059716C1F24EEC02/Job/7/1350036414 E6 Ranheim Vaernes - 01 2/","{9e1c7767-49c1-45a3-b0d7-af9bace411e3}\d-road_504600",503400
"DZ02_Temp_Roads","D8D268D77B6F41059716C1F24EEC02/Job/7/1350036414 E6 Ranheim Vaernes - 01 2/","{c9bea525-fd79-4220-af48-1826930b9bf8}\Veg 1","503450_Temp"
"DZ02_Temp_Roads","D8D268D77B6F41059716C1F24EEC02/Job/7/1350036414 E6 Ranheim Vaernes - 01 2/","{d327c9dc-e238-44ab-ac60-6b5bff2e2d50}\d-road_503500_LEI_Temp_S-2","503500_LEI_Temp_S-2"
"DZ02_Temp_Roads","D8D268D77B6F41059716C1F24EEC02/Job/7/1350036414 E6 Ranheim Vaernes - 01 2/","{95e25b1b-55b4-4a32-8d18-031c9ccf4f94}\Aux-diversion south 1","503600_LES_Temp_S"
"DZ02_Temp_Roads","D8D268D77B6F41059716C1F24EEC02/Job/7/1350036414 E6 Ranheim Vaernes - 01 2/","{9c67df82-2436-4282-9015-e7e0274fda1c}\d-road_503700_LEI_Temp_S","503700_LEI_Temp_S"
"DZ02_Temp_Roads","D8D268D77B6F41059716C1F24EEC02/Job/7/1350036414 E6 Ranheim Vaernes - 01 2/","{9343c991-3784-4b05-8b52-ec401294b331}\Road_Aux-diversion south 2","503800_LEI_Temp_S"
"DZ02_Temp_Roads","D8D268D77B6F41059716C1F24EEC02/Job/7/1350036414 E6 Ranheim Vaernes - 01 2/","{91f9705b-f923-4260-8d46-d181fffbee4d}\d-road_503900_LEI_Temp_S","503900_LEI_Temp_S"
"DZ02_Temp_Roads","D8D268D77B6F41059716C1F24EEC02/Job/7/1350036414 E6 Ranheim Vaernes - 01 2/","{026ba18c-7776-4ddb-a0ec-b0275ed63a22}\d-road_504200_aux","504200_aux"
"DZ02_Temp_Roads","D8D268D77B6F41059716C1F24EEC02/Job/7/1350036414 E6 Ranheim Vaernes - 01 2/","{715e4a60-c0ed-4a33-8c0b-42975b49db60}\d-road_504200_east ramp","504200_east_ramp"
"DZ02_Temp_Roads","D8D268D77B6F41059716C1F24EEC02/Job/7/1350036414 E6 Ranheim Vaernes - 01 2/","{82aacf0a-c992-4203-b899-4c6d0b25955a}\d-road_504200_LES_Temp_N","504200_LES_Temp_N"
"DZ02_Temp_Roads","D8D268D77B6F41059716C1F24EEC02/Job/7/1350036414 E6 Ranheim Vaernes - 01 2/","{380fc1d6-f12e-481d-a710-4d70f33a9c08}\d-road_504200_west ramp","504200_west_ramp"
"DZ02_Temp_Roads","D8D268D77B6F41059716C1F24EEC02/Job/7/1350036414 E6 Ranheim Vaernes - 01 2/","{46a248f5-cf5e-4144-bbf6-edb4a012318c}\d-road_504800",504400
"DZ02_Temp_Roads","D8D268D77B6F41059716C1F24EEC02/Job/7/1350036414 E6 Ranheim Vaernes - 01 2/","{40b4aef5-127f-4372-bc30-f31ff1b2e3e8}\d-road_504000_temporary miniroundabout","505000_temporary_miniroundabout"
"DZ02_Temp_Roads","D8D268D77B6F41059716C1F24EEC02/Job/7/1350036414 E6 Ranheim Vaernes - 01 2/","{7a6d441a-6860-40ad-a796-ee7746af8a25}\d_road_505200","505200_REI_Temp_D_N"
"DZ02_Temp_Roads","D8D268D77B6F41059716C1F24EEC02/Job/7/1350036414 E6 Ranheim Vaernes - 01 2/","{9805b5cb-209f-4776-8538-29912b3aa331}\d-road_505400","505400_REI_Temp_A_N"
"DZ02_Temp_Roads","D8D268D77B6F41059716C1F24EEC02/Job/7/1350036414 E6 Ranheim Vaernes - 01 2/","{aa929cd9-0a0b-46e1-a48f-a1045b909f7b}\d-road_505600_REI_Temp","505600_REI_Temp"
"DZ02_Temp_Roads","D8D268D77B6F41059716C1F24EEC02/Job/7/1350036414 E6 Ranheim Vaernes - 01 2/","{69bbae0c-3de5-4aad-ad2c-b772248d1f45}\Fylling aux 1","505800_Fylling_aux_1"
"DZ02_Temp_Roads","D8D268D77B6F41059716C1F24EEC02/Job/7/1350036414 E6 Ranheim Vaernes - 01 2/","{e2717c04-ce5c-4a66-9881-b3e75f0fb0ae}\d-road_505800_REI_Temp_N","505800_REI_Temp_N"
"DZ03_Roads","D8D268D77B6F41059716C1F24EEC02/Job/7/1350036414 E6 Ranheim Vaernes - 01 2/","{9c6c3984-01cf-48ee-993d-3e56d794709a}\d-road_105000",106000
"DZ03_Roads","D8D268D77B6F41059716C1F24EEC02/Job/7/1350036414 E6 Ranheim Vaernes - 01 2/","{b11c7a44-a991-421f-8f1a-531c29d32ced}\d-road_107000",107000
"DZ03_Roads","D8D268D77B6F41059716C1F24EEC02/Job/7/1350036414 E6 Ranheim Vaernes - 01 2/","{5baa85d2-61d0-4beb-ae53-dff5273a1a07}\d-road_109000",109000
"DZ03_Roads","D8D268D77B6F41059716C1F24EEC02/Job/7/1350036414 E6 Ranheim Vaernes - 01 2/","{32e01269-6fa9-4eab-9816-9ab050c7311e}\d-road_109010",109010
"DZ03_Roads","D8D268D77B6F41059716C1F24EEC02/Job/7/1350036414 E6 Ranheim Vaernes - 01 2/","{cbaac35a-3b20-407d-b850-79567eea3f34}\d_road_111100",110100
"DZ03_Roads","D8D268D77B6F41059716C1F24EEC02/Job/7/1350036414 E6 Ranheim Vaernes - 01 2/","{7ae4ef1d-4a86-4dfe-869d-f43666e1cec1}\d-road_111200",110200
"DZ03_Roads","D8D268D77B6F41059716C1F24EEC02/Job/7/1350036414 E6 Ranheim Vaernes - 01 2/","{cca53124-34b8-49f1-ba9a-e7c56d7a802f}\d-road_110300",110300
"DZ03_Roads","D8D268D77B6F41059716C1F24EEC02/Job/7/1350036414 E6 Ranheim Vaernes - 01 2/","{2fd1f810-012c-4724-ac46-52c045af53e7}\d_road_110400",110400
"DZ03_Roads","D8D268D77B6F41059716C1F24EEC02/Job/7/1350036414 E6 Ranheim Vaernes - 01 2/","{009949d3-d3c4-4eb2-b973-0bac41fd117c}\d-road_110500_new",110500
"DZ03_Roads","D8D268D77B6F41059716C1F24EEC02/Job/7/1350036414 E6 Ranheim Vaernes - 01 2/","{545b3dd3-6a1c-4cb9-a0a0-f7acd7ba74b5}\d-road_207100",207100
"DZ03_Roads","D8D268D77B6F41059716C1F24EEC02/Job/7/1350036414 E6 Ranheim Vaernes - 01 2/","{c5154d70-7f70-4633-9ebc-24b9559202cf}\d-road_207110",207110
"DZ03_Roads","D8D268D77B6F41059716C1F24EEC02/Job/7/1350036414 E6 Ranheim Vaernes - 01 2/","{86ee89c4-048d-42a7-994e-873fc4dbd676}\d-road_209000",209000
"DZ03_Roads","D8D268D77B6F41059716C1F24EEC02/Job/7/1350036414 E6 Ranheim Vaernes - 01 2/","{06ef1a51-6afa-4cf1-b077-519cbc56ef86}\d-road_209100_traffic island 1","209000_traffic_island_1"
"DZ03_Roads","D8D268D77B6F41059716C1F24EEC02/Job/7/1350036414 E6 Ranheim Vaernes - 01 2/","{f3536af4-5224-49b1-8a12-0f34a1d92d72}\d-road_209100_traffic island 1","209000_traffic_island_2"
"DZ03_Roads","D8D268D77B6F41059716C1F24EEC02/Job/7/1350036414 E6 Ranheim Vaernes - 01 2/","{df3d03ff-f33c-431c-951e-b36ea00f5cbd}\d-road_209100",209100
"DZ03_Roads","D8D268D77B6F41059716C1F24EEC02/Job/7/1350036414 E6 Ranheim Vaernes - 01 2/","{0a86d886-3cc1-4f5e-983a-59b7bd6a7427}\d-road_209100_traffic island 1","209100_traffic_island_1"
"DZ03_Roads","D8D268D77B6F41059716C1F24EEC02/Job/7/1350036414 E6 Ranheim Vaernes - 01 2/","{7ae05376-a93a-4ff0-b6d6-8844fcc617dc}\d-road_209100_traffic island 1","209100_traffic_island_2"
"DZ03_Roads","D8D268D77B6F41059716C1F24EEC02/Job/7/1350036414 E6 Ranheim Vaernes - 01 2/","{89258dd4-1aa5-455e-93cd-6dae499831ce}\d-road_209200",209200
"DZ03_Roads","D8D268D77B6F41059716C1F24EEC02/Job/7/1350036414 E6 Ranheim Vaernes - 01 2/","{625ea6ff-82c7-414c-830f-02d59c2e78bf}\d-road_209100_traffic island 1","209200_traffic_island_1"
"DZ03_Roads","D8D268D77B6F41059716C1F24EEC02/Job/7/1350036414 E6 Ranheim Vaernes - 01 2/","{fcb9dd14-1ce9-49a2-8e8c-c481c9ee9cbb}\d-road_407100",407100
"DZ03_Roads","D8D268D77B6F41059716C1F24EEC02/Job/7/1350036414 E6 Ranheim Vaernes - 01 2/","{e6977d77-d88b-43c7-8a2e-b8eb48dfa353}\d-road_407100_traffic_island","407100_traffic_island"
"DZ03_Roads","D8D268D77B6F41059716C1F24EEC02/Job/7/1350036414 E6 Ranheim Vaernes - 01 2/","{91bff421-4d5a-4066-82f0-f7d51bf479e1}\d-road_407200",407200
"DZ03_Roads","D8D268D77B6F41059716C1F24EEC02/Job/7/1350036414 E6 Ranheim Vaernes - 01 2/","{ae6b1744-257c-4c09-846a-ce3cd29f0116}\d-road_407210",407210
"DZ03_Roads","D8D268D77B6F41059716C1F24EEC02/Job/7/1350036414 E6 Ranheim Vaernes - 01 2/","{87839354-ec6e-4e5e-9c95-6ef3bd86b437}\d-road_407220",407220
"DZ03_Roads","D8D268D77B6F41059716C1F24EEC02/Job/7/1350036414 E6 Ranheim Vaernes - 01 2/","{129efe28-c185-4b9d-86c5-e51e41d5ee6c}\d-road_407300",407300
"DZ03_Roads","D8D268D77B6F41059716C1F24EEC02/Job/7/1350036414 E6 Ranheim Vaernes - 01 2/","{4ff9ddf4-a11d-4ea6-a189-b3162dc1105a}\d-road_407400",407400
"DZ03_Roads","D8D268D77B6F41059716C1F24EEC02/Job/7/1350036414 E6 Ranheim Vaernes - 01 2/","{f04a6836-7eaf-4840-be20-acd546447f72}\d-road_407600",407600
"DZ03_Roads","D8D268D77B6F41059716C1F24EEC02/Job/7/1350036414 E6 Ranheim Vaernes - 01 2/","{851e2421-ceb9-4462-b87f-b73da13e4da1}\d-road_407600_traffic_island_2","407600_traffic_island_1"
"DZ03_Roads","D8D268D77B6F41059716C1F24EEC02/Job/7/1350036414 E6 Ranheim Vaernes - 01 2/","{30554406-2ca3-4e33-9871-8488f3f8b7e3}\d-road-407600_traffic_island_1","407600_traffic_island_2"
"DZ03_Roads","D8D268D77B6F41059716C1F24EEC02/Job/7/1350036414 E6 Ranheim Vaernes - 01 2/","{e9cf0111-f625-4770-9f4c-7e193c49bb26}\d-road_407600_model_2",407620
"DZ03_Roads","D8D268D77B6F41059716C1F24EEC02/Job/7/1350036414 E6 Ranheim Vaernes - 01 2/","{3cc6c971-dd60-41fd-a921-77506373fc54}\d-road_407600_3",407630
"DZ03_Roads","D8D268D77B6F41059716C1F24EEC02/Job/7/1350036414 E6 Ranheim Vaernes - 01 2/","{b77b6057-f378-4daf-81e2-9a78a578b10a}\d-road_407600_model_4",407640
"DZ03_Roads","D8D268D77B6F41059716C1F24EEC02/Job/7/1350036414 E6 Ranheim Vaernes - 01 2/","{c31632db-802a-4753-90a2-48e9524a870f}\d-road_409100",409100
"DZ03_Roads","D8D268D77B6F41059716C1F24EEC02/Job/7/1350036414 E6 Ranheim Vaernes - 01 2/","{ce3a67b1-a018-40fc-a786-74a86f770c74}\d-road_409200",409200
"DZ03_Roads","D8D268D77B6F41059716C1F24EEC02/Job/7/1350036414 E6 Ranheim Vaernes - 01 2/","{e852958e-cb69-43c9-9c50-74c3936870a1}\d-road_409300",409300
"DZ03_Roads","D8D268D77B6F41059716C1F24EEC02/Job/7/1350036414 E6 Ranheim Vaernes - 01 2/","{7316dc3c-f92c-4bdd-ac9a-3f972eaa3a1c}\d-road_409400",409400
"DZ03_Roads","D8D268D77B6F41059716C1F24EEC02/Job/7/1350036414 E6 Ranheim Vaernes - 01 2/","{de7a21d0-eaa8-4c6c-887b-81a71eefeaeb}\d-road_409500",409500
"DZ03_Roads","D8D268D77B6F41059716C1F24EEC02/Job/7/1350036414 E6 Ranheim Vaernes - 01 2/","{05c43099-7c0f-48ef-a22c-8c8600015718}\d-road_409600",409600
"DZ03_Roads","D8D268D77B6F41059716C1F24EEC02/Job/7/1350036414 E6 Ranheim Vaernes - 01 2/","{92a0d410-af5c-4ee2-884f-eec8f899bfd6}\d-road_409700",409700
"DZ03_Roads","D8D268D77B6F41059716C1F24EEC02/Job/7/1350036414 E6 Ranheim Vaernes - 01 2/","{43a44829-f11a-4f92-acba-a6e55edd4bdc}\d-road_409800",409800
"DZ03_Roads","D8D268D77B6F41059716C1F24EEC02/Job/7/1350036414 E6 Ranheim Vaernes - 01 2/","{42bd794d-b4de-4bc8-a645-11b002dc4f39}\d-road_609100",609100
"DZ03_Roads","D8D268D77B6F41059716C1F24EEC02/Job/7/1350036414 E6 Ranheim Vaernes - 01 2/","{64468a5c-ed74-45b3-ab89-14de3a8d7aa8}\d-road_609100_traffic_island","609100_traffic_island"
"DZ03_Roads","D8D268D77B6F41059716C1F24EEC02/Job/7/1350036414 E6 Ranheim Vaernes - 01 2/","{99fe3276-538e-4ae5-8306-6a1a35408187}\d-road_609110",609110
"DZ03_Roads","D8D268D77B6F41059716C1F24EEC02/Job/7/1350036414 E6 Ranheim Vaernes - 01 2/","{bbf3bad1-ea47-491d-8627-14d0b2485b23}\d-road_609200",609200
"DZ03_Roads","D8D268D77B6F41059716C1F24EEC02/Job/7/1350036414 E6 Ranheim Vaernes - 01 2/","{a5f4569d-8083-4ada-bec4-3213b71bc57f}\d-road_609200_-2.11","609200_-2.11"
"DZ03_Roads","D8D268D77B6F41059716C1F24EEC02/Job/7/1350036414 E6 Ranheim Vaernes - 01 2/","{4345c056-c81b-4019-82b5-7059af27cd38}\d-road_609201",609201
"DZ03_Roads","D8D268D77B6F41059716C1F24EEC02/Job/7/1350036414 E6 Ranheim Vaernes - 01 2/","{abe73c5d-723c-47b1-8dec-34cfda81aaee}\d-road_609210",609210
"DZ03_Roads","D8D268D77B6F41059716C1F24EEC02/Job/7/1350036414 E6 Ranheim Vaernes - 01 2/","{3b9c9d3b-5664-4b30-9b94-339551a5bae0}\d-road_609210_footpath","609210_footpath"
"DZ03_Roads","D8D268D77B6F41059716C1F24EEC02/Job/7/1350036414 E6 Ranheim Vaernes - 01 2/","{9638b8b3-ca99-4063-999c-fa44b0a6354c}\d-road_609220",609220
"DZ03_Roads","D8D268D77B6F41059716C1F24EEC02/Job/7/1350036414 E6 Ranheim Vaernes - 01 2/","{a7a967ee-d3b7-4307-a8cb-5035806a0452}\d-road_609230",609230
"DZ03_Roads","D8D268D77B6F41059716C1F24EEC02/Job/7/1350036414 E6 Ranheim Vaernes - 01 2/","{438cfab3-bfc8-4e6a-be23-8216d3169b5f}\d-road_609240",609240
"DZ03_Roads","D8D268D77B6F41059716C1F24EEC02/Job/7/1350036414 E6 Ranheim Vaernes - 01 2/","{7ebf8df9-2e94-42d9-b8bd-fee9a25ded7b}\d-road_609241",609241
"DZ03_Roads","D8D268D77B6F41059716C1F24EEC02/Job/7/1350036414 E6 Ranheim Vaernes - 01 2/","{dc31dd11-da43-425e-a26f-8c24834f28cb}\d-road_609241",609242
"DZ03_Roads","D8D268D77B6F41059716C1F24EEC02/Job/7/1350036414 E6 Ranheim Vaernes - 01 2/","{a1c88a2f-3774-45e4-9d6d-eb52b7601e19}\d-road_609300",609300
"DZ03_Roads","D8D268D77B6F41059716C1F24EEC02/Job/7/1350036414 E6 Ranheim Vaernes - 01 2/","{9421db4c-a3bf-49c7-a862-5c404571aab9}\d-road_609300_traffic island_1","609300_traffic_island_1"
"DZ03_Roads","D8D268D77B6F41059716C1F24EEC02/Job/7/1350036414 E6 Ranheim Vaernes - 01 2/","{a24992a0-dbd3-4a0e-b18b-5eec5737d502}\d-road_609400",609400
"DZ03_Roads","D8D268D77B6F41059716C1F24EEC02/Job/7/1350036414 E6 Ranheim Vaernes - 01 2/","{51378484-4b14-4dd4-a6d1-796ecbbf52d2}\d-road_609400_traffic_island","609400_traffic_island"
"DZ03_Roads","D8D268D77B6F41059716C1F24EEC02/Job/7/1350036414 E6 Ranheim Vaernes - 01 2/","{52a0a978-529c-4235-a14f-a4a64edd3c2b}\d-road_609500",609500
"DZ03_Roads","D8D268D77B6F41059716C1F24EEC02/Job/7/1350036414 E6 Ranheim Vaernes - 01 2/","{1048ae52-3715-4cf1-9ca3-3a690d95fe16}\d_road_609500_traficc_island","609500_traficc_island"
"DZ03_Roads","D8D268D77B6F41059716C1F24EEC02/Job/7/1350036414 E6 Ranheim Vaernes - 01 2/","{86a2cec0-030a-4be1-bb28-c560ca6ecd26}\d-road_609510",609510
"DZ03_Roads","D8D268D77B6F41059716C1F24EEC02/Job/7/1350036414 E6 Ranheim Vaernes - 01 2/","{2daf2f3c-504b-4593-b6d8-24169a2ceb17}\d-road_609520",609520
"DZ03_Roads","D8D268D77B6F41059716C1F24EEC02/Job/7/1350036414 E6 Ranheim Vaernes - 01 2/","{217d8150-27f1-46ac-83ca-1bcf8908d628}\d-road_609530",609530
"DZ03_Roads","D8D268D77B6F41059716C1F24EEC02/Job/7/1350036414 E6 Ranheim Vaernes - 01 2/","{6f2316b0-40b0-4d5e-883e-32d9edf509c8}\d-road_609540",609540
"DZ03_Roads","D8D268D77B6F41059716C1F24EEC02/Job/7/1350036414 E6 Ranheim Vaernes - 01 2/","{c22efe5f-b600-4c47-af7e-315f5c647e8c}\d-road_609600",609600
"DZ03_Roads","D8D268D77B6F41059716C1F24EEC02/Job/7/1350036414 E6 Ranheim Vaernes - 01 2/","{5ac76205-cafa-4a7d-9718-8eb3cf9b946a}\d-road_609600_Traffic island","609600_Traffic_island_1"
"DZ03_Roads","D8D268D77B6F41059716C1F24EEC02/Job/7/1350036414 E6 Ranheim Vaernes - 01 2/","{ff52ad82-66fa-40e0-83c6-91ca2cb438f4}\d-road_609600_Traffic island 2","609600_Traffic_island_2"
"DZ03_Roads","D8D268D77B6F41059716C1F24EEC02/Job/7/1350036414 E6 Ranheim Vaernes - 01 2/","{c0a616cd-15f7-4df4-aa11-0ee3094bf9fc}\d-road_609700",609700
"DZ03_Roads","D8D268D77B6F41059716C1F24EEC02/Job/7/1350036414 E6 Ranheim Vaernes - 01 2/","{18896c0f-c24e-4bcd-baf5-6013b79a7f6d}\d-road_609710",609710
"DZ03_Roads","D8D268D77B6F41059716C1F24EEC02/Job/7/1350036414 E6 Ranheim Vaernes - 01 2/","{30c0c7e8-0964-4674-ac2b-79b6ffedd655}\d_road_609730_exit_Malvik_Everk","609730_exit_Malvik_Everk"
"DZ03_Roads","D8D268D77B6F41059716C1F24EEC02/Job/7/1350036414 E6 Ranheim Vaernes - 01 2/","{a3d26344-e5bc-4bfc-87e1-53fb046743fe}\609730_gr�ft 1","609730_gr�ft 1"
"DZ03_Roads","D8D268D77B6F41059716C1F24EEC02/Job/7/1350036414 E6 Ranheim Vaernes - 01 2/","{0f4c1227-cee0-413a-86b0-81d84d4c2c53}\d-road_609800",609800
"DZ03_Roads","D8D268D77B6F41059716C1F24EEC02/Job/7/1350036414 E6 Ranheim Vaernes - 01 2/","{a15ff3c8-d761-4469-a03c-9d3edf2ecca0}\d-road_609800_Traffic island","609800_Traffic_island_1"
"DZ03_Roads","D8D268D77B6F41059716C1F24EEC02/Job/7/1350036414 E6 Ranheim Vaernes - 01 2/","{9c43e5e2-9807-4d03-bf48-b6d84c7aa7b7}\d-road_609800_Traffic island 2","609800_Traffic_island_2"
"DZ03_Roads","D8D268D77B6F41059716C1F24EEC02/Job/7/1350036414 E6 Ranheim Vaernes - 01 2/","{7a7ce419-b2ba-437b-84be-2a6a581a4f25}\d-road_609810",609810
"DZ03_Roads","D8D268D77B6F41059716C1F24EEC02/Job/7/1350036414 E6 Ranheim Vaernes - 01 2/","{b103c7f9-50cb-47c1-a9af-a236bed0a10e}\d-road_709000",709000
"DZ03_Roads","D8D268D77B6F41059716C1F24EEC02/Job/7/1350036414 E6 Ranheim Vaernes - 01 2/","{9432c926-4beb-4434-abc2-16182d228ea3}\d-road_709020",709020
"DZ03_Roads","D8D268D77B6F41059716C1F24EEC02/Job/7/1350036414 E6 Ranheim Vaernes - 01 2/","{fbe8f41f-77f3-498d-8dcf-7a5250455cb5}\d-road_709100",709100
"DZ03_Roads","D8D268D77B6F41059716C1F24EEC02/Job/7/1350036414 E6 Ranheim Vaernes - 01 2/","{7b608742-4a1c-423a-949e-ec88bd56a3cf}\d-road_709200",709200
"DZ03_Roads","D8D268D77B6F41059716C1F24EEC02/Job/7/1350036414 E6 Ranheim Vaernes - 01 2/","{18a0971a-ce52-49d3-a926-92622dcc6578}\d-road_709300",709300
"DZ03_Roads","D8D268D77B6F41059716C1F24EEC02/Job/7/1350036414 E6 Ranheim Vaernes - 01 2/","{da1e8d07-3475-4a4d-9c40-b8d620ac519a}\d-road_709200",709400
"DZ03_Roads","D8D268D77B6F41059716C1F24EEC02/Job/7/1350036414 E6 Ranheim Vaernes - 01 2/","{94de3882-812b-48d0-9fd4-d803a0bac185}\d-road_709500",709500
"DZ03_Roads","D8D268D77B6F41059716C1F24EEC02/Job/7/1350036414 E6 Ranheim Vaernes - 01 2/","{ddba1d2f-75f9-4b87-9428-d8b148c1b3ad}\Veg 1","709600_unknow"
"DZ03_Roads","D8D268D77B6F41059716C1F24EEC02/Job/7/1350036414 E6 Ranheim Vaernes - 01 2/","{52473bf6-8435-40ed-adb2-6516c8ca9710}\d-road_809100",809100
"DZ03_Roads","D8D268D77B6F41059716C1F24EEC02/Job/7/1350036414 E6 Ranheim Vaernes - 01 2/","{13aa274c-ae33-4bae-bd9f-f6dc45a18110}\d-road_809200",809200
"DZ03_Roads","D8D268D77B6F41059716C1F24EEC02/Job/7/1350036414 E6 Ranheim Vaernes - 01 2/","{c1494b39-ff1b-4ae5-8b05-4566f6c920e3}\d-road_809500",809500
"DZ03_Roads","D8D268D77B6F41059716C1F24EEC02/Job/7/1350036414 E6 Ranheim Vaernes - 01 2/","{d1998f17-4b36-4cea-82eb-15bb784c2a07}\Veg 1",809600
"DZ03_Roads","D8D268D77B6F41059716C1F24EEC02/Job/7/1350036414 E6 Ranheim Vaernes - 01 2/","{df207f81-9c8f-4b5e-9158-6f2ccdc19275}\d-road_907000_Game_underpass_Midtsand","907000_Game_underpass_Midtsand"
"DZ03_Roads","D8D268D77B6F41059716C1F24EEC02/Job/7/1350036414 E6 Ranheim Vaernes - 01 2/","{ef616b37-ddd8-4dad-90ef-21e492178773}\d-road_908000",908000
"DZ03_Roads","D8D268D77B6F41059716C1F24EEC02/Job/7/1350036414 E6 Ranheim Vaernes - 01 2/","{677b8c74-8deb-4c3d-a60a-1cec574ec1b2}\d-road-908400",908400
"DZ03_Roads","D8D268D77B6F41059716C1F24EEC02/Job/7/1350036414 E6 Ranheim Vaernes - 01 2/","{38d13600-f126-4744-8135-25ad38cbbade}\d-road_910000",910000
"DZ03_Temp_Roads","D8D268D77B6F41059716C1F24EEC02/Job/7/1350036414 E6 Ranheim Vaernes - 01 2/","{2e0cb14c-f435-4f3f-8e4c-345676dd89e8}\Kryss_507000_Shoulder_1-2","Kryss_507000_Shoulder_1-2"
"DZ03_Temp_Roads","D8D268D77B6F41059716C1F24EEC02/Job/7/1350036414 E6 Ranheim Vaernes - 01 2/","{7c677aa5-0a00-4648-8aec-89993b9a1684}\Kryss_507000_Shoulder_2-3","Kryss_507000_Shoulder_2-3"
"DZ03_Temp_Roads","D8D268D77B6F41059716C1F24EEC02/Job/7/1350036414 E6 Ranheim Vaernes - 01 2/","{6ab07680-05bf-419b-aac0-98198b62efad}\Kryss_507000_Shoulder_3-4","Kryss_507000_Shoulder_3-4"
"DZ03_Temp_Roads","D8D268D77B6F41059716C1F24EEC02/Job/7/1350036414 E6 Ranheim Vaernes - 01 2/","{c15a8b10-45b5-4e6b-bb64-79b8783fefac}\Kryss_507000_Shoulder_4-1","Kryss_507000_Shoulder_4-1"
"DZ03_Temp_Roads","D8D268D77B6F41059716C1F24EEC02/Job/7/1350036414 E6 Ranheim Vaernes - 01 2/","{819cba6b-6086-4d53-ad72-125559c940bf}\Kryss_509500_Sideareal_1-2","Kryss_509500_Sideareal_1-2"
"DZ03_Temp_Roads","D8D268D77B6F41059716C1F24EEC02/Job/7/1350036414 E6 Ranheim Vaernes - 01 2/","{1d237949-0cd2-4562-afa5-da5940889133}\Kryss_509500_Sideareal_2-3","Kryss_509500_Sideareal_2-3"
"DZ03_Temp_Roads","D8D268D77B6F41059716C1F24EEC02/Job/7/1350036414 E6 Ranheim Vaernes - 01 2/","{48cb9369-a3d3-431d-93d3-ca8d6997cbf6}\Kryss_509700_Sideareal_1-2","Kryss_509700_Sideareal_1-2"
"DZ03_Temp_Roads","D8D268D77B6F41059716C1F24EEC02/Job/7/1350036414 E6 Ranheim Vaernes - 01 2/","{eb40dd3c-0ed7-4a52-b4ef-a42ff8841520}\Kryss_509700_Sideareal_1-3","Kryss_509700_Sideareal_1-3"
"DZ03_Temp_Roads","D8D268D77B6F41059716C1F24EEC02/Job/7/1350036414 E6 Ranheim Vaernes - 01 2/","{fe5bb84a-e8b8-4fe0-b2d0-bf22b9821b4c}\d-road_505400",506200
"DZ03_Temp_Roads","D8D268D77B6F41059716C1F24EEC02/Job/7/1350036414 E6 Ranheim Vaernes - 01 2/","{666840a8-af1e-405a-a50d-0b5a5c2ed410}\d-road_505400",506400
"DZ03_Temp_Roads","D8D268D77B6F41059716C1F24EEC02/Job/7/1350036414 E6 Ranheim Vaernes - 01 2/","{9507c71e-464c-4eac-8440-a3c5c85addb7}\d-road_507000-1","507000-1"
"DZ03_Temp_Roads","D8D268D77B6F41059716C1F24EEC02/Job/7/1350036414 E6 Ranheim Vaernes - 01 2/","{5fe900f3-9dff-4f33-8e46-c70550b2032b}\Veg 1","507000-2"
"DZ03_Temp_Roads","D8D268D77B6F41059716C1F24EEC02/Job/7/1350036414 E6 Ranheim Vaernes - 01 2/","{e12765a8-cafc-4a23-a10c-cd474be35da7}\d-road_507000-3","507000-3"
"DZ03_Temp_Roads","D8D268D77B6F41059716C1F24EEC02/Job/7/1350036414 E6 Ranheim Vaernes - 01 2/","{11d3103c-8f61-4f94-a2ee-32e3e62a5449}\d-road_507100",507100
"DZ03_Temp_Roads","D8D268D77B6F41059716C1F24EEC02/Job/7/1350036414 E6 Ranheim Vaernes - 01 2/","{6993cb7e-d44f-4c70-8580-e0988457e696}\d-road_507200",507200
"DZ03_Temp_Roads","D8D268D77B6F41059716C1F24EEC02/Job/7/1350036414 E6 Ranheim Vaernes - 01 2/","{5da3e338-061e-41ee-9246-d0a8fedbc700}\d-road_507300",507300
"DZ03_Temp_Roads","D8D268D77B6F41059716C1F24EEC02/Job/7/1350036414 E6 Ranheim Vaernes - 01 2/","{a28cd775-40f0-450a-bc3f-2ad479c0f44c}\d-road_507400_STA_Temp_N","507400_STA_Temp_N"
"DZ03_Temp_Roads","D8D268D77B6F41059716C1F24EEC02/Job/7/1350036414 E6 Ranheim Vaernes - 01 2/","{ad54cc9d-6dd5-460c-953c-7a0fc80bd0d5}\d-road_507300",507500
"DZ03_Temp_Roads","D8D268D77B6F41059716C1F24EEC02/Job/7/1350036414 E6 Ranheim Vaernes - 01 2/","{052983be-0c3e-4b96-879d-a3ad780f1df0}\d-road_508100",508100
"DZ03_Temp_Roads","D8D268D77B6F41059716C1F24EEC02/Job/7/1350036414 E6 Ranheim Vaernes - 01 2/","{24aeb2f7-5f5b-4031-9698-0d5aba76b8bf}\d-kryss_509000",509000
"DZ03_Temp_Roads","D8D268D77B6F41059716C1F24EEC02/Job/7/1350036414 E6 Ranheim Vaernes - 01 2/","{d3b703bb-8fe8-4c9d-8fdf-009b8daf9e38}\d-road_509000-1 1","509000-1"
"DZ03_Temp_Roads","D8D268D77B6F41059716C1F24EEC02/Job/7/1350036414 E6 Ranheim Vaernes - 01 2/","{0bceaf84-417d-4443-8771-dbeb3946099d}\d-road_509000-2","509000-2"
"DZ03_Temp_Roads","D8D268D77B6F41059716C1F24EEC02/Job/7/1350036414 E6 Ranheim Vaernes - 01 2/","{31bf9022-46ee-4b3b-bfee-09e30fd5b81b}\d-road_509000-3","509000-3"
"DZ03_Temp_Roads","D8D268D77B6F41059716C1F24EEC02/Job/7/1350036414 E6 Ranheim Vaernes - 01 2/","{6f24578d-ae41-40e8-9d9b-a0c6814060c9}\d-road_509000-1","509000-4"
"DZ03_Temp_Roads","D8D268D77B6F41059716C1F24EEC02/Job/7/1350036414 E6 Ranheim Vaernes - 01 2/","{fa3cd7a1-ace3-4093-bd8f-039faa159462}\d-road_509100",509100
"DZ03_Temp_Roads","D8D268D77B6F41059716C1F24EEC02/Job/7/1350036414 E6 Ranheim Vaernes - 01 2/","{f2b17fab-9cbc-4aca-a584-7978d88d3de8}\d-road_509200",509200
"DZ03_Temp_Roads","D8D268D77B6F41059716C1F24EEC02/Job/7/1350036414 E6 Ranheim Vaernes - 01 2/","{6d6ba5ac-9b69-4845-9b03-7e1a05089bc7}\d-road_509400",509400
"DZ03_Temp_Roads","D8D268D77B6F41059716C1F24EEC02/Job/7/1350036414 E6 Ranheim Vaernes - 01 2/","{dd3dd91e-b50b-4f82-aea4-b0e575f9c516}\d-road_509500_Roundabout","509500_Roundabout"
"DZ03_Temp_Roads","D8D268D77B6F41059716C1F24EEC02/Job/7/1350036414 E6 Ranheim Vaernes - 01 2/","{40ed4303-f1e0-4088-ad14-123744feb70f}\d-road_509500-1","509500-1"
"DZ03_Temp_Roads","D8D268D77B6F41059716C1F24EEC02/Job/7/1350036414 E6 Ranheim Vaernes - 01 2/","{c1c85e47-bb58-48a7-8846-a3040bbd4170}\d-road_509500-2","509500-2"
"DZ03_Temp_Roads","D8D268D77B6F41059716C1F24EEC02/Job/7/1350036414 E6 Ranheim Vaernes - 01 2/","{7fa98588-0d51-4740-887d-c86df96247d7}\d-road_509500-3","509500-3"
"DZ03_Temp_Roads","D8D268D77B6F41059716C1F24EEC02/Job/7/1350036414 E6 Ranheim Vaernes - 01 2/","{21dcb054-9b9f-4e21-a05d-1a379b2f8dee}\Veg 1","509500-4"
"DZ03_Temp_Roads","D8D268D77B6F41059716C1F24EEC02/Job/7/1350036414 E6 Ranheim Vaernes - 01 2/","{c255b5cc-cdda-461c-8945-1cf873c200ce}\d-road_609500","509500-5"
"DZ03_Temp_Roads","D8D268D77B6F41059716C1F24EEC02/Job/7/1350036414 E6 Ranheim Vaernes - 01 2/","{3275e92a-92ce-4bda-b216-7a318bdf858d}\d-road_609500","509500-6"
"DZ03_Temp_Roads","D8D268D77B6F41059716C1F24EEC02/Job/7/1350036414 E6 Ranheim Vaernes - 01 2/","{c90bbeca-35e2-44cb-be3a-295bbbe50f0c}\d-road_509600",509600
"DZ03_Temp_Roads","D8D268D77B6F41059716C1F24EEC02/Job/7/1350036414 E6 Ranheim Vaernes - 01 2/","{2023f609-4651-4273-8a16-d9bb873274c3}\d-road_509600","509600-backup"
"DZ03_Temp_Roads","D8D268D77B6F41059716C1F24EEC02/Job/7/1350036414 E6 Ranheim Vaernes - 01 2/","{5c7d83d6-2fe0-43e3-b076-eb8bc17a2cc1}\d-road_509700",509700
"DZ03_Temp_Roads","D8D268D77B6F41059716C1F24EEC02/Job/7/1350036414 E6 Ranheim Vaernes - 01 2/","{aa4095a1-2a86-4337-94db-0c5037a78571}\d-road_509800",509800
"DZ03_Temp_Roads","D8D268D77B6F41059716C1F24EEC02/Job/7/1350036414 E6 Ranheim Vaernes - 01 2/","{714bd7ef-5182-4885-b63a-56631861601f}\d-road_306100_VUL_Temp_S","306100_VUL_Temp_S"
"DZ03_Temp_Roads","D8D268D77B6F41059716C1F24EEC02/Job/7/1350036414 E6 Ranheim Vaernes - 01 2/","{8fac7b68-a910-46b2-820a-877428aafae9}\d-road_307200_STA_Temp_N","307200_STA_Temp_N"
"DZ03_Temp_Roads","D8D268D77B6F41059716C1F24EEC02/Job/7/1350036414 E6 Ranheim Vaernes - 01 2/","{45ffa749-6654-48cd-9857-56a8fc1e0d05}\d-road_308200_SVE_Temp_N","308200_SVE_Temp_N"
"DZ03_Temp_Roads","D8D268D77B6F41059716C1F24EEC02/Job/7/1350036414 E6 Ranheim Vaernes - 01 2/","{798b1892-fc75-49d3-9da1-ea628a4855c6}\d-road_308200_SVE_Temp_N2","308200_SVE_Temp_N2"
"DZ03_Temp_Roads","D8D268D77B6F41059716C1F24EEC02/Job/7/1350036414 E6 Ranheim Vaernes - 01 2/","{498b4171-3e25-4453-b595-fe580c1b7c31}\d-road_308400_SVE_Temp_N","308400_SVE_Temp_N"
"DZ03_Temp_Roads","D8D268D77B6F41059716C1F24EEC02/Job/7/1350036414 E6 Ranheim Vaernes - 01 2/","{b0d353d7-93a6-4f0c-b8a6-3cd69052ade9}\d_road_309000",309000
"DZ03_Temp_Roads","D8D268D77B6F41059716C1F24EEC02/Job/7/1350036414 E6 Ranheim Vaernes - 01 2/","{ad66f626-0923-4b3e-abee-1e38e0aa6770}\d_road_309000-2","309000-2"
"DZ03_Temp_Roads","D8D268D77B6F41059716C1F24EEC02/Job/7/1350036414 E6 Ranheim Vaernes - 01 2/","{83b3cb5d-694a-45e0-a6ea-918b76fa16eb}\d_road_309100",309100
"DZ03_Temp_Roads","D8D268D77B6F41059716C1F24EEC02/Job/7/1350036414 E6 Ranheim Vaernes - 01 2/","{cfb1483d-b24a-4089-b143-dab771c0f47f}\cl_309000-1 1",309200
"DZ03_Temp_Roads","D8D268D77B6F41059716C1F24EEC02/Job/7/1350036414 E6 Ranheim Vaernes - 01 2/","{91766448-d07f-4f8b-ae3c-9ec76ab1ce2c}\d_road_309400",309400
"DZ03_Temp_Roads","D8D268D77B6F41059716C1F24EEC02/Job/7/1350036414 E6 Ranheim Vaernes - 01 2/","{3f15f388-276e-4221-a321-22cda44ab956}\d-road_310000_BRA_Temp",310100
"DZ03_Temp_Roads","D8D268D77B6F41059716C1F24EEC02/Job/7/1350036414 E6 Ranheim Vaernes - 01 2/","{dcc57501-5b93-4c25-bbc1-65338f9827b9}\d_road_310200",310200
"DZ03_Temp_Roads","D8D268D77B6F41059716C1F24EEC02/Job/7/1350036414 E6 Ranheim Vaernes - 01 2/","{ff438747-c51f-4bd1-88e5-cbe21e9b20ac}\d-road_310300",310300
"DZ03_Temp_Roads","D8D268D77B6F41059716C1F24EEC02/Job/7/1350036414 E6 Ranheim Vaernes - 01 2/","{2422c4cd-d3be-44c5-8084-301984132d95}\d-road_310500",310500
"DZ03_Temp_Roads","D8D268D77B6F41059716C1F24EEC02/Job/7/1350036414 E6 Ranheim Vaernes - 01 2/","{6a182854-7676-4f5f-b739-bf2798e5cfc8}\d-road_310700",310700
"DZ45_Roads","CF85787CC8724BE09440DB6B3D30D0/Job/7/1350036414 E6 Ranheim Vaernes - 02/","{8e9b5ee1-8025-4347-ad28-b499168f284f}\d-road_113100-07.06.2021",113100
"DZ45_Roads","CF85787CC8724BE09440DB6B3D30D0/Job/7/1350036414 E6 Ranheim Vaernes - 02/","{9698e246-5e3f-4d1a-a483-830163d00085}\d-road_113200-20-05-2021-før-optimalisering-modalen",113200
"DZ45_Roads","CF85787CC8724BE09440DB6B3D30D0/Job/7/1350036414 E6 Ranheim Vaernes - 02/","{b5af1aa7-bd50-476c-85c3-57e232220cf1}\d-road_113300-test",113300
"DZ45_Roads","CF85787CC8724BE09440DB6B3D30D0/Job/7/1350036414 E6 Ranheim Vaernes - 02/","{eab0aa93-2559-4ff9-aa05-2f493c8effc1}\d-road_113400-27.05.21",113400
"DZ45_Roads","CF85787CC8724BE09440DB6B3D30D0/Job/7/1350036414 E6 Ranheim Vaernes - 02/","{2f6418fa-1164-4bef-a3b4-8caf8496a7fd}\d-road_113500-27-05-21",113500
"DZ45_Roads","CF85787CC8724BE09440DB6B3D30D0/Job/7/1350036414 E6 Ranheim Vaernes - 02/","{c071aa2f-e6a7-46df-bf96-2eda499120b7}\d-road_113600-27.05.21",113600
"DZ45_Roads","CF85787CC8724BE09440DB6B3D30D0/Job/7/1350036414 E6 Ranheim Vaernes - 02/","{9d3dc5a0-49a0-4e9c-9c3d-c461e394f34f}\MC_d-road_215100_18.09",215100
"DZ45_Roads","CF85787CC8724BE09440DB6B3D30D0/Job/7/1350036414 E6 Ranheim Vaernes - 02/","{06688de3-5099-420e-8e23-59ff4db53788}\d-road_215110",215110
"DZ45_Roads","CF85787CC8724BE09440DB6B3D30D0/Job/7/1350036414 E6 Ranheim Vaernes - 02/","{aa8f1c02-744f-4f51-9a9d-b5ae7e60469b}\d-road_215120",215120
"DZ45_Roads","CF85787CC8724BE09440DB6B3D30D0/Job/7/1350036414 E6 Ranheim Vaernes - 02/","{f2d88035-c78d-48c8-a3e9-0ab1de93a1de}\d-road_215130",215130
"DZ45_Roads","CF85787CC8724BE09440DB6B3D30D0/Job/7/1350036414 E6 Ranheim Vaernes - 02/","{09bcacd6-81d7-420c-ba47-ebea7b33a6b4}\d-road_415100",415100
"DZ45_Roads","CF85787CC8724BE09440DB6B3D30D0/Job/7/1350036414 E6 Ranheim Vaernes - 02/","{0bbfaa2d-f906-4106-bc94-897a68e87204}\d_road_415200",415200
"DZ45_Roads","CF85787CC8724BE09440DB6B3D30D0/Job/7/1350036414 E6 Ranheim Vaernes - 02/","{f6fb7041-205e-4961-8a63-85e3f4f0a360}\d-road_415300",415300
"DZ45_Roads","CF85787CC8724BE09440DB6B3D30D0/Job/7/1350036414 E6 Ranheim Vaernes - 02/","{c8ab67a5-73d3-4dbe-8ca2-ae8b880dca55}\d-road_415400",415400
"DZ45_Roads","CF85787CC8724BE09440DB6B3D30D0/Job/7/1350036414 E6 Ranheim Vaernes - 02/","{5b5d41f3-5a82-42d7-bff1-e636e3bac7d9}\d-road_415500",415500
"DZ45_Roads","CF85787CC8724BE09440DB6B3D30D0/Job/7/1350036414 E6 Ranheim Vaernes - 02/","{121d26e0-0290-4959-b06b-220d7dfaa547}\d-road_415600",415600
"DZ45_Roads","CF85787CC8724BE09440DB6B3D30D0/Job/7/1350036414 E6 Ranheim Vaernes - 02/","{2afbd866-6f99-4dca-9077-5e2a05c02c44}\d-road_613100",613100
"DZ45_Roads","CF85787CC8724BE09440DB6B3D30D0/Job/7/1350036414 E6 Ranheim Vaernes - 02/","{0b3c2ced-24b4-4542-8dc2-be91b4cca4e4}\d-road_713000",713000
"DZ45_Roads","CF85787CC8724BE09440DB6B3D30D0/Job/7/1350036414 E6 Ranheim Vaernes - 02/","{db33c7e1-29e1-4c8e-a845-766b10fa767e}\d-road_715100-05.05.21",715100
"DZ45_Roads","CF85787CC8724BE09440DB6B3D30D0/Job/7/1350036414 E6 Ranheim Vaernes - 02/","{2cdb9a3f-2318-4c6e-91ef-751e2d1f87d7}\d-road_715200-05.05.21",715200
"DZ45_Roads","CF85787CC8724BE09440DB6B3D30D0/Job/7/1350036414 E6 Ranheim Vaernes - 02/","{99a987b8-316a-4729-a019-7d727c9f0a8f}\d-road_715400",715400
"DZ45_Roads","CF85787CC8724BE09440DB6B3D30D0/Job/7/1350036414 E6 Ranheim Vaernes - 02/","{5365b5d0-be58-4ff8-bb66-a3c26cf7c47e}\d-road_715500153",715500
"DZ45_Roads","CF85787CC8724BE09440DB6B3D30D0/Job/7/1350036414 E6 Ranheim Vaernes - 02/","{0be5b8f8-cb92-4fef-8f5f-7ef290b23a0c}\d-road_815100",815300
"DZ45_Roads","CF85787CC8724BE09440DB6B3D30D0/Job/7/1350036414 E6 Ranheim Vaernes - 02/","{a408640c-87b5-4b6c-aba5-e90be0368be3}\815310-dtich","815310-dtich"
"DZ45_Roads","CF85787CC8724BE09440DB6B3D30D0/Job/7/1350036414 E6 Ranheim Vaernes - 02/","{23facd42-f8df-458e-b474-7307130e624e}\d_road_815320-dtich","815320-dtich"
"DZ45_Roads","CF85787CC8724BE09440DB6B3D30D0/Job/7/1350036414 E6 Ranheim Vaernes - 02/","{be183479-182c-4774-959f-f3735230d95a}\d-road_815330-ditch","815330-ditch"
"DZ45_Roads","CF85787CC8724BE09440DB6B3D30D0/Job/7/1350036414 E6 Ranheim Vaernes - 02/","{1d69eb14-8cfb-49f5-985a-f81da53c862a}\d-road_815350",815350
"DZ45_Roads","CF85787CC8724BE09440DB6B3D30D0/Job/7/1350036414 E6 Ranheim Vaernes - 02/","{a8ad0d76-4b3d-4005-90b9-b9d7383010fa}\d-road_815360",815360
"DZ45_Roads","CF85787CC8724BE09440DB6B3D30D0/Job/7/1350036414 E6 Ranheim Vaernes - 02/","{f630917e-d23a-40fd-95fd-a70099c35023}\d-road_913100",913100
"DZ45_Roads","CF85787CC8724BE09440DB6B3D30D0/Job/7/1350036414 E6 Ranheim Vaernes - 02/","{202ac525-90b5-45fb-9d21-4308a4be8b5b}\d-road-915000-29.01.2021",915000
"DZ45_Roads","CF85787CC8724BE09440DB6B3D30D0/Job/7/1350036414 E6 Ranheim Vaernes - 02/","{0d9a3e9b-447a-4100-867f-d437232c523b}\d-road-915100",915100
"DZ45_Roads","CF85787CC8724BE09440DB6B3D30D0/Job/7/1350036414 E6 Ranheim Vaernes - 02/","{d484a295-e422-41b2-a5bd-76542340ea09}\d-rroad-915400",915400
"DZ45_Roads","CF85787CC8724BE09440DB6B3D30D0/Job/7/1350036414 E6 Ranheim Vaernes - 02/","{ed08ebc4-853b-4532-a475-59210f638326}\d-road_915500",915500
"DZ45_Temp_Roads","CF85787CC8724BE09440DB6B3D30D0/Job/7/1350036414 E6 Ranheim Vaernes - 02/","{39a15cef-f2a5-41bb-8a6d-8a1b19130d9f}\Kryss_512000_2-3","Kryss_512000_1-2"
"DZ45_Temp_Roads","CF85787CC8724BE09440DB6B3D30D0/Job/7/1350036414 E6 Ranheim Vaernes - 02/","{d404e3fd-af0c-4c38-b22c-49de364321f6}\Kryss_512000_3-4","Kryss_512000_2-3"
"DZ45_Temp_Roads","CF85787CC8724BE09440DB6B3D30D0/Job/7/1350036414 E6 Ranheim Vaernes - 02/","{6beca1e2-c757-481f-a1a0-a349044614f5}\Kryss_512000_4-1","Kryss_512000_3-1"
"DZ45_Temp_Roads","CF85787CC8724BE09440DB6B3D30D0/Job/7/1350036414 E6 Ranheim Vaernes - 02/","{75c8d24e-f400-4d60-af99-ea246c7ed1b0}\Kryss_515000_Sideareal_2-3","Kryss_515000_Sideareal_2-3"
"DZ45_Temp_Roads","CF85787CC8724BE09440DB6B3D30D0/Job/7/1350036414 E6 Ranheim Vaernes - 02/","{17ee6b4f-86de-47d9-99a4-bec8d47ab94c}\Kryss_515000_Sideareal_3-1","Kryss_515000_Sideareal_3-1"
"DZ45_Temp_Roads","CF85787CC8724BE09440DB6B3D30D0/Job/7/1350036414 E6 Ranheim Vaernes - 02/","{4d6f91f9-1e47-4d48-a182-0348d962a32d}\cl_51200",512000
"DZ45_Temp_Roads","CF85787CC8724BE09440DB6B3D30D0/Job/7/1350036414 E6 Ranheim Vaernes - 02/","{cd88ff4f-1df1-446a-8dcb-0b01cde84c7b}\d-road_513000",513000
"DZ45_Temp_Roads","CF85787CC8724BE09440DB6B3D30D0/Job/7/1350036414 E6 Ranheim Vaernes - 02/","{5d198c25-2948-4b4e-86d7-7af278d6c46c}\d-road_513200",513200
"DZ45_Temp_Roads","CF85787CC8724BE09440DB6B3D30D0/Job/7/1350036414 E6 Ranheim Vaernes - 02/","{f333107a-6a0d-46cb-bd2d-f9aa714d2160}\d-road_515100","515100_HOL_Temp_S"
"DZ45_Temp_Roads","CF85787CC8724BE09440DB6B3D30D0/Job/7/1350036414 E6 Ranheim Vaernes - 02/","{ddb031a1-6891-44b8-b360-26b527009cd2}\d-road_515200",515200
"DZ45_Temp_Roads","CF85787CC8724BE09440DB6B3D30D0/Job/7/1350036414 E6 Ranheim Vaernes - 02/","{29c58b9d-610b-46d9-807f-1976752a241c}\d-road_515300",515300
"DZ45_Temp_Roads","CF85787CC8724BE09440DB6B3D30D0/Job/7/1350036414 E6 Ranheim Vaernes - 02/","{72e5f38d-845b-4d94-b984-858c11f4145d}\d-road_515300_7.11","515300_7.11"
"DZ45_Temp_Roads","CF85787CC8724BE09440DB6B3D30D0/Job/7/1350036414 E6 Ranheim Vaernes - 02/","{e65ff005-f36d-4ea9-9230-d15ff0c98fe8}\d-road_515400",515400
"DZ45_Temp_Roads","CF85787CC8724BE09440DB6B3D30D0/Job/7/1350036414 E6 Ranheim Vaernes - 02/","{35a37b55-d4df-40a0-8dc9-b94e91855cfa}\d-road_515200",515500
"DZ45_Temp_Roads","CF85787CC8724BE09440DB6B3D30D0/Job/7/1350036414 E6 Ranheim Vaernes - 02/","{ecf55d16-8659-49ae-ad2e-5ac9be5fad54}\d-road_515500-1","515500-1"
"DZ45_Temp_Roads","CF85787CC8724BE09440DB6B3D30D0/Job/7/1350036414 E6 Ranheim Vaernes - 02/","{9f9d898b-4a51-4d69-87ce-f930132865f3}\d-road_515500-2","515500-2"
"DZ45_Temp_Roads","CF85787CC8724BE09440DB6B3D30D0/Job/7/1350036414 E6 Ranheim Vaernes - 02/","{47390059-ef65-4359-a1ac-b8bd63bdc7a4}\d-road_415400_7.5m-BREDDE",515700
"DZ45_Temp_Roads","CF85787CC8724BE09440DB6B3D30D0/Job/7/1350036414 E6 Ranheim Vaernes - 02/","{9b2196be-9377-4464-a35d-0e216a7fd57b}\d-road_415200_7.5m-BREDDE",515800
"DZ45_Temp_Roads","CF85787CC8724BE09440DB6B3D30D0/Job/7/1350036414 E6 Ranheim Vaernes - 02/","{605ee9f2-e65a-41c6-9c22-77e390453ddd}\d-road_312000_HOM_Temp","312000_HOM_Temp"
"DZ45_Temp_Roads","CF85787CC8724BE09440DB6B3D30D0/Job/7/1350036414 E6 Ranheim Vaernes - 02/","{479448f4-4485-4263-9b15-973f4aa88cb7}\d-road_312100",312100
"DZ45_Temp_Roads","CF85787CC8724BE09440DB6B3D30D0/Job/7/1350036414 E6 Ranheim Vaernes - 02/","{8a56ba95-4a5b-4fee-92c7-dc4cdc4606b7}\d-road_313100",313100
"DZ45_Temp_Roads","CF85787CC8724BE09440DB6B3D30D0/Job/7/1350036414 E6 Ranheim Vaernes - 02/","{00b53975-dfad-41e9-adf0-c1d68d04a25c}\d-road_315000_HOL_Temp","315000_HOL_Temp"
"DZ45_Temp_Roads","CF85787CC8724BE09440DB6B3D30D0/Job/7/1350036414 E6 Ranheim Vaernes - 02/","{69c54e1a-190c-43d7-9e2e-9da8da9a1c6e}\d-road_315100_HOL_Temp_D_S","315100_HOL_Temp_D_S"
"DZ45_Temp_Roads","CF85787CC8724BE09440DB6B3D30D0/Job/7/1350036414 E6 Ranheim Vaernes - 02/","{e2d65603-eed4-4d14-9430-e247a9136548}\d-road_315300_HOL_Temp_A_S","315300_HOL_Temp_A_S"
"DZ45_Temp_Roads","CF85787CC8724BE09440DB6B3D30D0/Job/7/1350036414 E6 Ranheim Vaernes - 02/","{beb15ff9-79fb-4611-9b46-0583d17794b1}\d-road_315400",315400
"DZ06_Roads","CF85787CC8724BE09440DB6B3D30D0/Job/7/1350036414 E6 Ranheim Vaernes - 02/","{75dc73f7-7792-4aa2-b509-ddc69e4b5a4c}\d-road_116100_GAST_Adjusted for smaller deltavalues","116100_DZ06"
"DZ06_Roads","CF85787CC8724BE09440DB6B3D30D0/Job/7/1350036414 E6 Ranheim Vaernes - 02/","{82611ee8-bfcb-4ad1-bbb9-678cc31d0955}\d-road_116200_tube_HEL_to_trheim_alt1c 1 1","116200_DZ06"
"DZ06_Roads","CF85787CC8724BE09440DB6B3D30D0/Job/7/1350036414 E6 Ranheim Vaernes - 02/","{43f1c3dc-f503-4e52-9085-5141d22afc60}\d-road_116300",116300
"DZ06_Roads","CF85787CC8724BE09440DB6B3D30D0/Job/7/1350036414 E6 Ranheim Vaernes - 02/","{1ffb6b58-1d21-4d65-bce6-0c40a0997175}\d-road_116400",116400
"DZ06_Roads","CF85787CC8724BE09440DB6B3D30D0/Job/7/1350036414 E6 Ranheim Vaernes - 02/","{9ba9948b-dc7f-458d-86d9-f0d9304e9738}\d-road_116500",116500
"DZ06_Roads","CF85787CC8724BE09440DB6B3D30D0/Job/7/1350036414 E6 Ranheim Vaernes - 02/","{28b4355f-c615-4029-89b1-b1d98ce8745b}\d-road_119000_V�rnes",119100
"DZ06_Roads","CF85787CC8724BE09440DB6B3D30D0/Job/7/1350036414 E6 Ranheim Vaernes - 02/","{f64cf52c-6fe4-4c67-93bd-70e901e33484}\d-road_119000_V�rnes",119200
"DZ06_Roads","CF85787CC8724BE09440DB6B3D30D0/Job/7/1350036414 E6 Ranheim Vaernes - 02/","{1154afc7-2b78-48d0-bc4e-0de4323597cb}\d-Road_119300",119300
"DZ06_Roads","CF85787CC8724BE09440DB6B3D30D0/Job/7/1350036414 E6 Ranheim Vaernes - 02/","{198d7ac4-941d-4ce9-9628-1c57a53dd38a}\d_road_219000_bridge_over_E6",219000
"DZ06_Roads","CF85787CC8724BE09440DB6B3D30D0/Job/7/1350036414 E6 Ranheim Vaernes - 02/","{d575f21f-2a6e-4c1b-ad5f-3de1ce843c46}\d_road_419100_Off_ramp_V�rnes",419100
"DZ06_Roads","CF85787CC8724BE09440DB6B3D30D0/Job/7/1350036414 E6 Ranheim Vaernes - 02/","{aba11f55-3517-4d74-bd21-10b00fe1d194}\d-road_419200_off_ramp_Trondheim",419200
"DZ06_Roads","CF85787CC8724BE09440DB6B3D30D0/Job/7/1350036414 E6 Ranheim Vaernes - 02/","{277af7b6-687a-4f4b-8e5a-25cce6c43cb0}\d-road_419300_On_ramp_V�rnes",419300
"DZ06_Roads","CF85787CC8724BE09440DB6B3D30D0/Job/7/1350036414 E6 Ranheim Vaernes - 02/","{82cbf598-1b89-4e5c-91c1-e90522bb8a26}\d-road_419400_on_ramp_Trondheim",419400
"DZ06_Roads","CF85787CC8724BE09440DB6B3D30D0/Job/7/1350036414 E6 Ranheim Vaernes - 02/","{37f762b0-e0ba-4e48-93c5-6465080c74b2}\d-road_419500_Roundabout_south",419500
"DZ06_Roads","CF85787CC8724BE09440DB6B3D30D0/Job/7/1350036414 E6 Ranheim Vaernes - 02/","{979c1ed8-40b2-48f6-8485-94ff5a3c603a}\d-road_419600_Roundabout_North",419600
"DZ06_Roads","CF85787CC8724BE09440DB6B3D30D0/Job/7/1350036414 E6 Ranheim Vaernes - 02/","{80bcdb34-c217-4043-83ef-2fd24310b6b6}\d-road_617000_local_road","617000_local_road"
"DZ06_Roads","CF85787CC8724BE09440DB6B3D30D0/Job/7/1350036414 E6 Ranheim Vaernes - 02/","{aa2dbd5e-9ed5-4c3e-be5e-ad9faef5c73a}\d-road_617100_local_road_Under_E6_culvert","617100_local_road_Under_E6_culvert"
"DZ06_Roads","CF85787CC8724BE09440DB6B3D30D0/Job/7/1350036414 E6 Ranheim Vaernes - 02/","{353161c9-5064-4ac0-b256-895f7175fbb9}\d-road_717000_path_V�rnes","717000_path_V�rnes"
"DZ06_Roads","CF85787CC8724BE09440DB6B3D30D0/Job/7/1350036414 E6 Ranheim Vaernes - 02/","{a95260f2-1628-4fc2-8774-d57ba7eb53bf}\d-road_717100-Path","717100-Path_along_Hellstranda"
"DZ06_Roads","CF85787CC8724BE09440DB6B3D30D0/Job/7/1350036414 E6 Ranheim Vaernes - 02/","{95edc7c9-3904-4cad-8e64-99344a6ed279}\Veg 1","717200-Path_along_Hellstranda2"
"DZ06_Roads","CF85787CC8724BE09440DB6B3D30D0/Job/7/1350036414 E6 Ranheim Vaernes - 02/","{ba1077ed-ffca-4e3a-b01f-4ffaed53b569}\d_road_717300_Turning_area_Hellstranda_south","717300_Turning_area_Hellstranda_south"
"DZ06_Roads","CF85787CC8724BE09440DB6B3D30D0/Job/7/1350036414 E6 Ranheim Vaernes - 02/","{2b0228e2-2f99-4872-8d2a-b88e5e524fb7}\d_road_717400_Turning_area_Hellstranda_north","717400_Turning_area_Hellstranda_north"
"DZ06_Roads","CF85787CC8724BE09440DB6B3D30D0/Job/7/1350036414 E6 Ranheim Vaernes - 02/","{b5fa1f41-bb1d-4c74-ada7-9c57b89a64d4}\d-road_719100_path_roundabout_south",719100
"DZ06_Roads","CF85787CC8724BE09440DB6B3D30D0/Job/7/1350036414 E6 Ranheim Vaernes - 02/","{cc33ff5e-45c5-4ecc-970f-d109b94fdfea}\d-road_719200_path_roundabout_north",719200
"DZ06_Roads","CF85787CC8724BE09440DB6B3D30D0/Job/7/1350036414 E6 Ranheim Vaernes - 02/","{42a0c9de-c0de-4b79-acad-8d13cfcf2982}\d-road_719300_path_V�rnes",719300
"DZ06_Roads","CF85787CC8724BE09440DB6B3D30D0/Job/7/1350036414 E6 Ranheim Vaernes - 02/","{1a7f27d9-773e-45d9-afbb-72cd40ee1108}\d-road_800000",800000
"DZ06_Roads","CF85787CC8724BE09440DB6B3D30D0/Job/7/1350036414 E6 Ranheim Vaernes - 02/","{c4206f47-d7c6-420c-a35b-0c14751957c0}\d-road_900000",917300
"DZ06_Roads","CF85787CC8724BE09440DB6B3D30D0/Job/7/1350036414 E6 Ranheim Vaernes - 02/","{bd30411a-8837-4c56-a602-cc74a31ee9e5}\d-road_900600",917400
"DZ06_Temp_Roads","CF85787CC8724BE09440DB6B3D30D0/Job/7/1350036414 E6 Ranheim Vaernes - 02/","{3f536522-53c4-417e-867c-db46e99998b6}\Kryss_517000_Sideareal_1-2","Kryss_517000_Sideareal_1-2"
"DZ06_Temp_Roads","CF85787CC8724BE09440DB6B3D30D0/Job/7/1350036414 E6 Ranheim Vaernes - 02/","{737b074f-a418-4132-b05e-4cac8ba39e3f}\Kryss_517000_Sideareal_2-3","Kryss_517000_Sideareal_2-3"
"DZ06_Temp_Roads","CF85787CC8724BE09440DB6B3D30D0/Job/7/1350036414 E6 Ranheim Vaernes - 02/","{9829668c-2505-4a31-a59c-b1e726278366}\Kryss_517000_Sideareal_3-1","Kryss_517000_Sideareal_3-1"
"DZ06_Temp_Roads","CF85787CC8724BE09440DB6B3D30D0/Job/7/1350036414 E6 Ranheim Vaernes - 02/","{01a1808b-91cb-4014-b57d-106355123f9a}\Kryss_517000-2_Sideareal_1-2","Kryss_517100-Sideareal_1-2"
"DZ06_Temp_Roads","CF85787CC8724BE09440DB6B3D30D0/Job/7/1350036414 E6 Ranheim Vaernes - 02/","{0ed85180-07ac-4072-8532-57fe43368d87}\Kryss_517000-2_Sideareal_2-3","Kryss_517100-Sideareal_2-3"
"DZ06_Temp_Roads","CF85787CC8724BE09440DB6B3D30D0/Job/7/1350036414 E6 Ranheim Vaernes - 02/","{f445967f-e048-4921-942d-e8abf0f6f6a6}\Kryss_517100_Sideareal_3-1","Kryss_517100-Sideareal_3-1"
"DZ06_Temp_Roads","CF85787CC8724BE09440DB6B3D30D0/Job/7/1350036414 E6 Ranheim Vaernes - 02/","{8516c829-7c69-444d-8468-b5616b28bc9a}\Kryss_5191000_Sideareal_1-2","Kryss_5191000_Sideareal_1-2"
"DZ06_Temp_Roads","CF85787CC8724BE09440DB6B3D30D0/Job/7/1350036414 E6 Ranheim Vaernes - 02/","{8f9f13b6-b50a-4a69-99ef-d15bf92374df}\Kryss_5191000_Sideareal_3-4","Kryss_5191000_Sideareal_3-4"
"DZ06_Temp_Roads","CF85787CC8724BE09440DB6B3D30D0/Job/7/1350036414 E6 Ranheim Vaernes - 02/","{8b6e6744-71dc-49c3-8d1a-80aceb88f22c}\d-road_517000_HES_Temp","517000_HES_Temp"
"DZ06_Temp_Roads","CF85787CC8724BE09440DB6B3D30D0/Job/7/1350036414 E6 Ranheim Vaernes - 02/","{988128e9-d83c-4c77-ba8d-b33951d6b652}\d-road_517000-2","517100-1"
"DZ06_Temp_Roads","CF85787CC8724BE09440DB6B3D30D0/Job/7/1350036414 E6 Ranheim Vaernes - 02/","{8ddad192-4a78-455f-9428-001392f85688}\d-road_517000-3","517100-2"
"DZ06_Temp_Roads","CF85787CC8724BE09440DB6B3D30D0/Job/7/1350036414 E6 Ranheim Vaernes - 02/","{6c52892a-ed7a-4e29-b778-d57d99393d55}\Road_519300",519300
"DZ06_Temp_Roads","CF85787CC8724BE09440DB6B3D30D0/Job/7/1350036414 E6 Ranheim Vaernes - 02/","{3118365b-19b7-4d98-9c7e-0db5d229095f}\Road_519500","519500-1"
"DZ06_Temp_Roads","CF85787CC8724BE09440DB6B3D30D0/Job/7/1350036414 E6 Ranheim Vaernes - 02/","{a87c1294-7f4f-424c-a807-a985de3ffdb6}\Road_519500-2","519500-2"
"DZ06_Temp_Roads","CF85787CC8724BE09440DB6B3D30D0/Job/7/1350036414 E6 Ranheim Vaernes - 02/","{76c883f4-4182-4374-b2a1-716aef8cf84d}\d-road_317100_HES_Temp_S","317100_HES_Temp_S"
"DZ06_Temp_Roads","CF85787CC8724BE09440DB6B3D30D0/Job/7/1350036414 E6 Ranheim Vaernes - 02/","{3c065a2d-4153-424c-bf0e-f960aee13854}\Veg 1","317200_HES_Temp_N"
"DZ06_Temp_Roads","CF85787CC8724BE09440DB6B3D30D0/Job/7/1350036414 E6 Ranheim Vaernes - 02/","{0bc6781f-8135-4d19-82ba-0724466e1f90}\Road_317300",317300
"DZ06_Temp_Roads","CF85787CC8724BE09440DB6B3D30D0/Job/7/1350036414 E6 Ranheim Vaernes - 02/","{d5743c73-13f1-4f43-ac2b-c675136aeecf}\Road_317400",317400
"DZ06_Temp_Roads","CF85787CC8724BE09440DB6B3D30D0/Job/7/1350036414 E6 Ranheim Vaernes - 02/","{d1bb57f1-f871-458a-a3a0-70fb62a47506}\d-road_317500",317500
"TN01","D8D268D77B6F41059716C1F24EEC02/Job/7/1350036414 E6 Ranheim Vaernes - 01 2/","{2bd88b35-58aa-4d74-bdd1-abccbb0aa04a}/d-road_102100",102100
"TN01","D8D268D77B6F41059716C1F24EEC02/Job/7/1350036414 E6 Ranheim Vaernes - 01 2/","{e4eecd8a-6fd0-4614-ae71-140e743bb9c5}/d-road_102200",102200
"TN01","D8D268D77B6F41059716C1F24EEC02/Job/7/1350036414 E6 Ranheim Vaernes - 01 2/","{27d748a5-0174-4a00-881f-391fcb516ae4}/902100",902100
"TN01","D8D268D77B6F41059716C1F24EEC02/Job/7/1350036414 E6 Ranheim Vaernes - 01 2/","{6d860f6e-c73f-41a9-b240-5b23eb480aca}/902200",902200
"TN01","D8D268D77B6F41059716C1F24EEC02/Job/7/1350036414 E6 Ranheim Vaernes - 01 2/","{17e002ca-96ed-4053-9700-de67c2c5c72a}/902300",902300
"TN01","D8D268D77B6F41059716C1F24EEC02/Job/7/1350036414 E6 Ranheim Vaernes - 01 2/","{58b54dff-bae5-422c-aa7f-91ce707f07db}/902400",902400
"TN01","D8D268D77B6F41059716C1F24EEC02/Job/7/1350036414 E6 Ranheim Vaernes - 01 2/","{9179864f-0012-48c2-8554-27c866dc0442}/902500",902500
"TN01","D8D268D77B6F41059716C1F24EEC02/Job/7/1350036414 E6 Ranheim Vaernes - 01 2/","{18129142-a3cf-43cd-a0c3-9a0a70bbe954}/902600",902600
"TN02","CF85787CC8724BE09440DB6B3D30D0/Job/7/1350036414 E6 Ranheim Vaernes - 02/","{7597e257-6445-4b4e-976a-70b1ee26b584}/d-road_111100",111100
"TN02","CF85787CC8724BE09440DB6B3D30D0/Job/7/1350036414 E6 Ranheim Vaernes - 02/","{db61582c-1388-4ae0-b4b4-6ce7e0060b1b}/d-road_111200-28.04.2021",111200
"TN02","CF85787CC8724BE09440DB6B3D30D0/Job/7/1350036414 E6 Ranheim Vaernes - 02/","{820f2b37-2c4b-4c44-97c4-a91a0dd3ae82}/f-veg_917010_Cross_cut 1",911100
"TN02","CF85787CC8724BE09440DB6B3D30D0/Job/7/1350036414 E6 Ranheim Vaernes - 02/","{2fce4da5-7481-4991-89e7-f40ffa91cf28}/d-road_911100",911200
"TN02","CF85787CC8724BE09440DB6B3D30D0/Job/7/1350036414 E6 Ranheim Vaernes - 02/","{f25ef77b-3c32-43d3-b644-a9417b6ed460}/d-road_911100",911300
"TN02","CF85787CC8724BE09440DB6B3D30D0/Job/7/1350036414 E6 Ranheim Vaernes - 02/","{755f54f3-b3f6-4d64-8dac-7161933e4591}/d-road_911100",911400
"TN02","CF85787CC8724BE09440DB6B3D30D0/Job/7/1350036414 E6 Ranheim Vaernes - 02/","{c3a03901-e636-4c6b-9150-389c021300c6}/d-road_911100",911500
"TN02","CF85787CC8724BE09440DB6B3D30D0/Job/7/1350036414 E6 Ranheim Vaernes - 02/","{7c7b147f-06a5-4a1e-96a4-91fbac904a2f}/d-road_911100",911600
"TN02","CF85787CC8724BE09440DB6B3D30D0/Job/7/1350036414 E6 Ranheim Vaernes - 02/","{7da1b6d0-9a3b-4ab3-9f19-f21c16ce1757}/d-road_911100",911700
"TN03","CF85787CC8724BE09440DB6B3D30D0/Job/7/1350036414 E6 Ranheim Vaernes - 02/","{1458140f-0d1a-44c0-88bd-9f460cd71820}/d-road_116100_tube_HEL_to_Værnes","116100_ET03"
"TN03","CF85787CC8724BE09440DB6B3D30D0/Job/7/1350036414 E6 Ranheim Vaernes - 02/","{bf2ea844-a134-4b57-a1ae-88d9e45cad18}/d-road_116200_Gjenoppbygd","116200_18390-22300"
"TN03","CF85787CC8724BE09440DB6B3D30D0/Job/7/1350036414 E6 Ranheim Vaernes - 02/","{d4a24d70-7aee-460e-bf67-05d7ff9af383}/f-veg_917010_Cross_cut 1",917010
"TN03","CF85787CC8724BE09440DB6B3D30D0/Job/7/1350036414 E6 Ranheim Vaernes - 02/","{98d7bb34-176b-4c36-b843-1bf843a2c7f5}/f-veg_917010_Cross_cut 1",917020
"TN03","CF85787CC8724BE09440DB6B3D30D0/Job/7/1350036414 E6 Ranheim Vaernes - 02/","{5d8b6f0e-6d9c-4ae2-bbbf-7d3b58bc2a5f}/f-veg_917010_Cross_cut 1",917030
"TN03","CF85787CC8724BE09440DB6B3D30D0/Job/7/1350036414 E6 Ranheim Vaernes - 02/","{cb8c22cf-526c-4b50-ba6d-45a0da567d33}/f-veg_917010_Cross_cut 1",917040
"TN03","CF85787CC8724BE09440DB6B3D30D0/Job/7/1350036414 E6 Ranheim Vaernes - 02/","{adaa7708-75f2-420b-bed0-e0276222df20}/f-veg_917010_Cross_cut 1",917050
"TN03","CF85787CC8724BE09440DB6B3D30D0/Job/7/1350036414 E6 Ranheim Vaernes - 02/","{7b9818e4-586e-4038-8a26-fe6069c1ecef}/f-veg_917010_Cross_cut 1",917060
"TN03","CF85787CC8724BE09440DB6B3D30D0/Job/7/1350036414 E6 Ranheim Vaernes - 02/","{b693a8ce-bab8-46ba-88f7-57b7b8a7a4b9}/f-veg_917010_Cross_cut 1",917070
"TN03","CF85787CC8724BE09440DB6B3D30D0/Job/7/1350036414 E6 Ranheim Vaernes - 02/","{f16d2523-5ff3-4f55-bbdd-3760d22f4de2}/f-veg_917010_Cross_cut 1",917080
"TN03","CF85787CC8724BE09440DB6B3D30D0/Job/7/1350036414 E6 Ranheim Vaernes - 02/","{e31f8e7d-5b40-4445-b19e-2d0e98358802}/f-veg_917010_Cross_cut 1",917090
"TN03","CF85787CC8724BE09440DB6B3D30D0/Job/7/1350036414 E6 Ranheim Vaernes - 02/","{b47738eb-8fa4-4c05-b8e9-597d5b0f1e06}/f-veg_917010_Cross_cut 1",917100
"TN03","CF85787CC8724BE09440DB6B3D30D0/Job/7/1350036414 E6 Ranheim Vaernes - 02/","{b6e8afd7-c20e-4518-8275-a5ec479c5882}/f-veg_917010_Cross_cut 1",917110
"TN03","CF85787CC8724BE09440DB6B3D30D0/Job/7/1350036414 E6 Ranheim Vaernes - 02/","{22b897b5-0738-4628-80db-4f70e9f8ea29}/f-veg_917010_Cross_cut 1",917120
"TN03","CF85787CC8724BE09440DB6B3D30D0/Job/7/1350036414 E6 Ranheim Vaernes - 02/","{d022281f-8db0-422f-86a6-7b9dd9c5a8d9}/f-veg_917010_Cross_cut 1",917130
"TN03","CF85787CC8724BE09440DB6B3D30D0/Job/7/1350036414 E6 Ranheim Vaernes - 02/","{e3e12db9-b565-412c-8965-043fc66a7097}/f-veg_917010_Cross_cut 1",917140
"TN03","CF85787CC8724BE09440DB6B3D30D0/Job/7/1350036414 E6 Ranheim Vaernes - 02/","{1a17fd0d-329f-40db-b076-e0c592b807b8}/f-veg_917010_Cross_cut 1",917150
